0.00540189	0.0101601	0.00122449	-0.0155197	0.000186864	-0.0118686	-0.00569217	-0.0152193	0.00757135	0.0216712	0.00516234	-0.0363016	-0.0292662	0.0106666	-0.0095301	0.0028952	-0.0067529	0.0203862	-0.0106601	0.00764895	-0.0267366	0.0146531	-0.000984551	-0.0086742	0.01445	-0.00111708	-0.0103734	0.00888904	-0.00645215	0.00823034	-0.00943238	-0.00885456	-0.00651481	-0.0138807	-0.00520572	0.0144257	-0.000167842	-0.00566075	-0.0103137	0.0106091	0.00278144	-0.00284449	0.00679557	0.0190856	0.00169925	0.0125906	0.0169323	-0.00475094	-0.0160877	0.0016929	0.00326214	0.0104547	-0.0162013	-0.00152218	-0.0163171	-0.00966501	0.0354206	-0.0163811	-0.00753807	0.0225678	-0.00804798	-0.0264751	-0.0150093	-0.0159311	0.00898276	-0.0216842	0.0136063	0.0113445	-0.00655919	0.00693245	0.000376516	-0.00311369	-0.0126279	0.0107384	-0.0167538	0.0298748	-0.00740111	0.0053188	0.00672872	-0.00999066	-0.0145052	0.00983734	0.0175197	0.00823679	-2.21576e-05	0.0155518	0.0202899	0.0249899	-0.00131329	-0.0212925	-0.00828227	0.0158684	-0.0119599	0.00281923	0.0110078	0.00893869	-0.00205348	0.0041548	0.00491381	0.00970548	
0.0481805	0.0767325	0.0612245	-0.0967358	0.0576041	-0.0114321	-0.0126508	-0.121671	0.0984684	0.101231	0.0465317	-0.139591	-0.127777	0.0844995	-0.0775907	0.0114328	-0.0228509	0.0706105	-0.0934779	0.057959	-0.12581	0.0746916	-0.0420782	-0.0971701	0.0645333	0.0155245	-0.00410081	0.0412206	0.0232761	0.0159265	-0.0098009	-0.0408954	-0.0118351	-0.0779595	-0.0636737	0.0559653	0.0428595	0.00286295	-0.0277718	0.0706119	0.000808407	0.0114299	-0.0555451	0.0122363	0.00694628	0.0261175	0.0510396	-0.00937555	-0.0306187	-0.100816	0.060816	0.0269901	-0.0265244	-0.0885778	-0.0567338	-0.0727666	0.190223	-0.0224557	0.0289767	0.0457362	0.00205361	-0.088162	-0.0016229	-0.0473484	0.0542861	-0.0840906	0.0743215	0.0387712	-0.0510241	0.0253055	-0.00326869	-0.00656427	-0.0277527	0.0477802	-0.0661248	0.10859	0.00285162	0.0179606	0.0146825	0.0114613	0.00651335	0.0175558	0.0212215	0.0126618	-0.0910235	0.0991908	0.0510203	0.0604254	-0.00572436	-0.0885849	-0.0273655	-5.33134e-06	-0.0547197	0.02367	0.0702029	-0.0053106	-0.0114299	-0.00284973	0.0387773	0.0371384	
0.0335244	0.102837	0.112653	-0.108985	0.0511484	-0.0432827	-0.0052945	-0.190305	0.125521	0.111859	0.057903	-0.145294	-0.166101	0.113911	-0.102147	0.0106325	-0.0268549	0.0689685	-0.129418	0.0521983	-0.132424	0.0689599	-0.0274481	-0.138036	0.0564333	0.0367984	-0.0131538	0.0419984	0.0159617	0.0151381	-0.00655415	-0.0696168	-0.0159101	-0.100002	-0.0734286	0.0746453	0.0583063	0.0151311	-0.0367984	0.104896	0.00812406	-0.0146873	-0.0645892	-0.0106674	0.0249348	0.0424185	0.0501279	-0.0468777	-0.0411345	-0.131813	0.117958	0.0368968	0.00374282	-0.129356	-0.0608114	-0.0892244	0.235904	-0.0241111	0.0427837	0.0425181	-0.0174934	-0.11018	0.0155625	-0.0457211	0.0795935	-0.0930919	0.126638	0.019141	-0.0657302	0.0367314	-0.00818006	-0.0295525	-0.015497	0.0559975	-0.0759288	0.131481	0.0101763	0.0571497	0.0358327	0.0336134	0.00397456	0.0232876	-1.666e-05	0.00616131	-0.110625	0.152271	0.0403534	0.08169	-0.0269889	-0.084531	-0.0241488	-0.0147212	-0.0825321	0.0432464	0.113463	0.00528461	-0.0261292	-0.00445187	0.0322534	0.0370997	
0.0371734	0.103257	0.13102	-0.129799	0.0433396	-0.0632747	-0.00734117	-0.207013	0.129956	0.10491	0.0795816	-0.138362	-0.166543	0.125735	-0.101702	-0.000398177	-0.0158779	0.0636682	-0.13961	0.0518184	-0.137684	0.0612154	-0.00739455	-0.154747	0.0404667	0.0420772	-0.0143355	0.0375321	0.012267	0.00899775	-0.00123619	-0.0838484	-0.00489381	-0.0897968	-0.0877434	0.0898441	0.0775432	0.0294033	-0.0469761	0.12653	0.0207983	-0.0240784	-0.0600595	-0.0281947	0.0228763	0.0518235	0.0710209	-0.0685575	-0.0293524	-0.143666	0.120816	0.0511329	0.0237143	-0.151022	-0.0604058	-0.0969186	0.258381	-0.0310361	0.052226	0.0469789	-0.0358957	-0.105705	0.0192115	-0.0616361	0.0644906	-0.0992012	0.146609	-2.24934e-05	-0.0604165	0.0444882	0.00039984	-0.04869	-0.0134629	0.0465749	-0.0657197	0.140033	0.0326405	0.0828607	0.0362978	0.0347806	-0.0012804	0.0245013	-0.0110289	-0.00732843	-0.120007	0.182057	0.0260966	0.113916	-0.0379875	-0.0702267	-0.0302418	-0.0126669	-0.0886244	0.0599914	0.125303	0.00325457	-0.0330646	-0.00732843	0.0228614	0.0342664	
0.0339576	0.108948	0.127755	-0.143681	0.0458883	-0.0747201	-0.00977851	-0.220137	0.139875	0.0959507	0.0868544	-0.122022	-0.160759	0.135559	-0.100142	-0.00527626	-0.00515928	0.0530442	-0.129838	0.0525782	-0.146769	0.0538466	-0.000132507	-0.164598	0.0397333	0.0462163	-0.0152389	0.0350345	0.00659377	-0.00321306	-0.00289222	-0.0815399	0.00164515	-0.0946964	-0.0934054	0.0970493	0.088072	0.0351462	-0.0413174	0.14612	0.0330044	-0.034684	-0.0634026	-0.0347798	0.0220949	0.0468919	0.0872428	-0.0758288	-0.0267656	-0.134654	0.132242	0.0643335	0.0196998	-0.148514	-0.0750947	-0.101145	0.271394	-0.0245335	0.0586621	0.0519379	-0.0431827	-0.0975113	0.0257931	-0.0673571	0.0416352	-0.0967788	0.154844	-0.016396	-0.0743092	0.0387705	0.0134446	-0.0618986	-0.00610252	0.0450068	-0.066546	0.134359	0.0473067	0.0951123	0.0288319	0.0373483	0.00596184	0.0220739	-0.0183926	-0.0105557	-0.125733	0.209834	0.00970092	0.116412	-0.0543628	-0.0531176	-0.0303035	-0.0143263	-0.0993025	0.0575224	0.134276	0.00568196	-0.032255	-0.00565731	0.00164515	0.0350345	
0.0270228	0.114252	0.126531	-0.148171	0.0438562	-0.0816607	-0.00692017	-0.235249	0.133759	0.0824829	0.0905215	-0.106919	-0.149729	0.136787	-0.104641	-0.00649878	-0.00474087	0.0534512	-0.125351	0.0521643	-0.136568	0.0444564	0.00516727	-0.16991	0.0328	0.0433643	-0.0107557	0.033805	0.00292409	-0.00443415	-0.00656814	-0.0811455	0.00695213	-0.0869415	-0.107688	0.0949905	0.0966386	0.0355572	-0.0286676	0.154691	0.0423891	-0.0497854	-0.0581023	-0.0425415	0.0200575	0.0481132	0.0941756	-0.0852122	-0.0279779	-0.138325	0.145712	0.0623034	0.0258308	-0.141568	-0.069788	-0.0958468	0.264449	-0.0257608	0.0615111	0.0539852	-0.0501169	-0.0889364	0.0204912	-0.0767456	0.0273496	-0.0947406	0.160976	-0.0257894	-0.0788006	0.0318314	0.0236472	-0.0737613	-0.00324402	0.0331736	-0.0612409	0.136404	0.0615903	0.0963374	0.0324968	0.0443044	0.00717622	0.0216679	-0.0220678	-0.0134093	-0.126958	0.227388	0.00275388	0.120907	-0.0596743	-0.0469982	-0.0282683	-0.0155535	-0.0989006	0.0587449	0.132235	0.00527162	-0.0318475	-0.00279608	-0.0150888	0.0199255	
0.00778126	0.119584	0.117143	-0.148574	0.037622	-0.095112	5.83095e-06	-0.243756	0.118519	0.0665422	0.0877477	-0.0975454	-0.142046	0.145327	-0.101702	-0.00937798	-0.00689293	0.0424435	-0.122466	0.0436536	-0.125431	0.0293778	0.0228237	-0.166177	0.0282167	0.0477926	0.00608187	0.031817	-0.00324482	-0.0130447	-0.0167469	-0.0740404	0.0106165	-0.0759192	-0.108155	0.0947488	0.115928	0.0514452	-0.00778492	0.17306	0.0542709	-0.0657111	-0.0453604	-0.0437076	0.0204272	0.0436597	0.105335	-0.0832568	-0.0309868	-0.152646	0.15755	0.0723779	0.0294301	-0.137958	-0.0595894	-0.0879284	0.268995	-0.0294033	0.0579436	0.0494284	-0.055492	-0.0934594	0.020028	-0.0779627	0.0220417	-0.0926703	0.171106	-0.0383945	-0.0914373	0.0208147	0.0346861	-0.0862811	0.0020475	0.0163632	-0.0551074	0.128604	0.0710097	0.108167	0.0313961	0.0380486	0.015058	0.0147051	-0.023274	-0.0163088	-0.133068	0.235936	-0.0073813	0.124529	-0.0649298	-0.0277746	-0.0237097	-0.00450332	-0.0886244	0.0510116	0.129385	0.00407092	-0.024085	0.00410115	-0.0236694	0.00650737	
0.00817449	0.115917	0.11102	-0.146532	0.0298329	-0.0979641	-0.0118345	-0.246596	0.106638	0.0538828	0.0832793	-0.0848962	-0.13186	0.139196	-0.100455	-0.0138739	-0.0114154	0.0436715	-0.117969	0.0334645	-0.130711	0.0167308	0.038776	-0.16657	0.0318667	0.0465509	0.0204	0.0355055	-0.0110132	-0.00693229	-0.0171481	-0.0654154	0.0110221	-0.0697963	-0.100415	0.0976554	0.116363	0.0510285	0.00896999	0.187347	0.0612224	-0.0799989	-0.0449291	-0.0424669	0.0249068	0.039996	0.107413	-0.0902216	-0.0199949	-0.157962	0.167755	0.0751997	0.0273683	-0.1392	-0.0518358	-0.0899296	0.269418	-0.0232721	0.0534807	0.0383876	-0.0518362	-0.0873457	0.0204212	-0.0848995	0.0102044	-0.0955196	0.181292	-0.0453206	-0.099188	0.0146932	0.036732	-0.0931872	-0.0106097	0.00695353	-0.0489819	0.121652	0.07959	0.112655	0.0334725	0.042507	0.0138656	0.0159231	-0.0302079	-0.0142793	-0.131024	0.241236	-0.00205433	0.136354	-0.0645076	-0.0167429	-0.0183839	-0.00327078	-0.0898302	0.0514258	0.125713	0.00448559	-0.0212259	0.0142946	-0.031427	-0.00776585	
0.00496868	0.106093	0.10449	-0.147354	0.0258669	-0.103699	-0.0240655	-0.241769	0.0928877	0.0359472	0.0938033	-0.0824312	-0.115447	0.140863	-0.0940105	-0.0195643	-0.0145627	0.0444738	-0.109019	0.0268646	-0.136548	0.0118067	0.052554	-0.165001	0.0287	0.0498848	0.028463	0.0476941	-0.00524836	-0.00525753	-0.014727	-0.0533275	0.0126648	-0.061635	-0.0979012	0.101561	0.121158	0.0437152	0.010535	0.211018	0.0668892	-0.0824399	-0.0425713	-0.0449803	0.0314799	0.0358741	0.110539	-0.095844	-0.00594002	-0.153842	0.175916	0.0818887	0.0225509	-0.13913	-0.0420339	-0.085194	0.259561	-0.0200406	0.0509123	0.0384596	-0.0566613	-0.0840442	0.0204812	-0.0881728	0.0036758	-0.0841225	0.182192	-0.0510896	-0.108186	0.0163219	0.04161	-0.0998849	-0.0146754	-0.00113381	-0.0391979	0.120067	0.0787397	0.122459	0.0349704	0.0410131	0.0161843	0.0167655	-0.0285952	-0.0199481	-0.139201	0.246976	0.00195035	0.148656	-0.06538	-0.012703	-0.00621016	0.00404449	-0.0923557	0.0432384	0.128154	0.00201055	-0.0244992	0.015157	-0.0322334	-0.0151718	
0.00294255	0.0975146	0.0934694	-0.153478	0.0222208	-0.107377	-0.0301845	-0.238929	0.0900628	0.0216672	0.0909222	-0.0738557	-0.103586	0.130667	-0.0903578	-0.0191501	-0.0116738	0.0473275	-0.104536	0.0231735	-0.148422	0.00567763	0.0651865	-0.158893	0.0266833	0.0494936	0.0312954	0.0415563	-0.0170738	-0.00320607	-0.0175912	-0.0521445	0.0114428	-0.0571457	-0.0860465	0.104376	0.127256	0.0441319	0.0133757	0.226936	0.0754495	-0.0820297	-0.0479023	-0.044588	0.0367969	0.0379051	0.106827	-0.102762	0.0100363	-0.146894	0.180405	0.0815182	0.0237963	-0.141154	-0.0359099	-0.0782891	0.252606	-0.01311	0.0431232	0.0372529	-0.0448034	-0.0868925	0.0225373	-0.09593	-0.0106094	-0.0837224	0.182622	-0.060492	-0.110231	0.0126474	0.0501766	-0.105237	-0.0183449	-0.00723832	-0.0371601	0.118855	0.0709757	0.133481	0.0386127	0.0406396	0.0181936	0.0139148	-0.0281921	-0.0276924	-0.13798	0.25882	-0.00256008	0.160508	-0.0600871	-0.0139381	0.00642729	0.00526103	-0.0935995	0.0371098	0.122846	0.00894303	-0.021644	0.0163931	-0.035088	-0.0229425	
-0.00073647	0.0832307	0.0889796	-0.155518	0.0152682	-0.110233	-0.0330428	-0.243414	0.083107	0.00493006	0.0897049	-0.0612038	-0.0950194	0.131888	-0.0874924	-0.00568244	-0.00474087	0.0420225	-0.100044	0.0186885	-0.162706	-0.00860632	0.0664204	-0.159296	0.0123833	0.0474467	0.0308957	0.0460516	-0.0313652	0.00128056	-0.0220789	-0.0460002	0.0118501	-0.063268	-0.0782954	0.0917207	0.139107	0.0445373	0.0121566	0.243671	0.0774945	-0.0775406	-0.0483029	-0.0466239	0.0290377	0.0334183	0.0990776	-0.110528	0.0210553	-0.143223	0.185712	0.0753772	0.0299136	-0.1481	-0.0322369	-0.0754146	0.243222	-0.00535169	0.0370071	0.0352056	-0.0378692	-0.0864873	0.0213077	-0.101235	-0.019181	-0.0816788	0.184656	-0.0600793	-0.104923	0.0138722	0.0620152	-0.11217	-0.0187544	-0.00928615	-0.0416489	0.115177	0.0640394	0.136338	0.0365816	0.0394024	0.0235146	0.0167698	-0.0277822	-0.03137	-0.138387	0.260042	-0.00296185	0.172342	-0.057225	-0.0135264	0.0109243	0.00159007	-0.0882858	0.0220094	0.117541	0.0183332	-0.0236842	0.0208795	-0.0346807	-0.0282445	
-0.00366902	0.0730613	0.0877551	-0.157552	0.00981144	-0.119595	-0.0285705	-0.240466	0.0857938	-0.0061206	0.0861452	-0.0624483	-0.0808321	0.133887	-0.0886073	0.000410172	-0.00774975	0.0399992	-0.0946999	0.0159158	-0.175217	-0.00979836	0.0653279	-0.155542	0.00531667	0.0379722	0.0436845	0.0530638	-0.0440821	0.00245266	-0.0216357	-0.032299	0.0155111	-0.0693879	-0.070619	0.0890873	0.142098	0.0473521	0.0150993	0.251428	0.0738806	-0.0804077	-0.0567624	-0.0396039	0.0253115	0.0314273	0.0890425	-0.115137	0.0245301	-0.142046	0.18449	0.0666074	0.032669	-0.151045	-0.0302036	-0.0682575	0.234724	-0.0032683	0.0318454	0.0412394	-0.0334709	-0.0844914	0.0224573	-0.100817	-0.0293876	-0.0795979	0.194758	-0.0653186	-0.110207	0.0126527	0.0657137	-0.111561	-0.0167335	-0.013058	-0.0469401	0.111443	0.0522446	0.139185	0.0371602	0.0355509	0.025722	0.0212273	-0.0265327	-0.0367341	-0.137961	0.266132	-0.0073553	0.171047	-0.0485824	-0.0163312	0.0138746	-0.00285993	-0.0877826	0.00856963	0.12204	0.0212229	-0.0297967	0.0204138	-0.0432647	-0.0367447	
-0.00816449	0.0661246	0.0889796	-0.154694	0.0069428	-0.120002	-0.0281635	-0.238419	0.0747532	-0.0114288	0.0881944	-0.0587761	-0.0738982	0.134292	-0.0881917	0.00734712	-0.00571771	0.0420412	-0.0918402	0.0163297	-0.178066	-0.0110207	0.0690119	-0.151046	5.19529e-17	0.0383747	0.0490017	0.0526604	-0.0502093	0.00530651	-0.0244906	-0.0326933	0.0151021	-0.0697959	-0.0677667	0.0895112	0.149049	0.0559211	0.0106143	0.26	0.0759257	-0.0808165	-0.057163	-0.0342916	0.0208179	0.027757	0.0796587	-0.118003	0.0249252	-0.138376	0.182449	0.0612835	0.0322539	-0.154725	-0.027347	-0.0637484	0.227789	-0.00367365	0.0289964	0.0391921	-0.0363348	-0.0832698	0.0220441	-0.0987758	-0.0314286	-0.0751052	0.199242	-0.0698044	-0.112246	0.00816327	0.0726543	-0.112773	-0.0155104	-0.0151059	-0.0530615	0.0996014	0.0485738	0.140409	0.0359461	0.0334967	0.0294091	0.0151025	-0.0277556	-0.0297985	-0.144899	0.268987	-0.0134728	0.178799	-0.0473531	-0.0175523	0.0126559	-0.00408181	-0.0832853	0.00653077	0.124898	0.0183679	-0.0277552	0.026533	-0.0461226	-0.044496	
-0.00734804	0.0661246	0.0955102	-0.149796	0.0053092	-0.122451	-0.0257145	-0.238419	0.0706683	-0.018776	0.078395	-0.0595925	-0.0575671	0.135925	-0.0890083	0.00571442	-0.00408408	0.0428575	-0.0828602	0.0106143	-0.191135	-0.0191842	0.0665618	-0.146147	-0.0114333	0.0359253	0.0473683	0.0461289	-0.0485765	0.00449013	-0.0253069	-0.026972	0.0175511	-0.0722449	-0.0612349	0.0903287	0.152316	0.0583702	0.0122473	0.262449	0.0734764	-0.0783676	-0.0604295	-0.0375574	0.0257162	0.0244914	0.0674035	-0.123719	0.0183874	-0.131028	0.182449	0.0588321	0.0322539	-0.152276	-0.0159184	-0.059662	0.216359	0.000408183	0.0330804	0.0367426	-0.0396009	-0.0840862	0.0285757	-0.100408	-0.0395918	-0.0791871	0.205775	-0.0698044	-0.117144	-0.00653062	0.0881647	-0.112773	-0.0155104	-0.0208216	-0.0473472	0.0955194	0.0428592	0.13796	0.0432987	0.0359477	0.0392121	0.00612262	-0.0244902	-0.0330641	-0.150613	0.274702	-0.0126563	0.178799	-0.0408217	-0.0240834	0.017555	-0.00408181	-0.0743036	-0.00571442	0.131429	0.0224496	-0.0334695	0.0338805	-0.051837	-0.0469454	
-0.0106038	0.0595891	0.0946939	-0.148164	-0.00038873	-0.128169	-0.0257122	-0.235981	0.0706913	-0.0261191	0.07348	-0.0587735	-0.0485714	0.142462	-0.0857566	0.00816746	-0.00733134	0.0404062	-0.0771507	0.0122359	-0.196056	-0.0216376	0.064094	-0.141259	-0.0195833	0.0359366	0.0514344	0.0444864	-0.0518338	0.00939544	-0.0269443	-0.0245487	0.0200017	-0.0714289	-0.0497938	0.0870285	0.150665	0.0583758	0.0114194	0.272245	0.0693864	-0.0848969	-0.0604448	-0.0465492	0.0224576	0.0204029	0.0583927	-0.125337	0.0225006	-0.127756	0.183265	0.0588575	0.0322676	-0.154714	-0.0151011	-0.0564208	0.204919	0.00611708	0.0306103	0.0351216	-0.0444876	-0.0840802	0.0416489	-0.102859	-0.0444895	-0.0742942	0.212321	-0.0673641	-0.122862	-0.0114292	0.0930594	-0.114434	-0.0212221	-0.0142763	-0.0400022	0.0963438	0.037139	0.134696	0.0408251	0.042507	0.0457255	0.0069433	-0.0302079	-0.0297909	-0.154697	0.274706	-0.0151189	0.168195	-0.0359324	-0.0306215	0.0265243	-0.0049035	-0.0686006	-0.0138819	0.137958	0.0248943	-0.0440831	0.0330718	-0.0477536	-0.0534865	
-0.011067	0.0567575	0.0967347	-0.147751	-0.00253892	-0.130191	-0.0277658	-0.231425	0.0709732	-0.035529	0.0723394	-0.053482	-0.0433389	0.146104	-0.0803681	0.00365556	-0.0103002	0.0391945	-0.0710006	0.0200548	-0.197171	-0.0195729	0.0629661	-0.141609	-0.0151833	0.0313836	0.057655	0.0375998	-0.0522878	0.0138471	-0.0289595	-0.0223476	0.0146864	-0.0710189	-0.042096	0.092509	0.150354	0.0669165	0.0069911	0.284083	0.0690222	-0.082047	-0.0632186	-0.0468988	0.0195618	0.0241132	0.0540294	-0.125831	0.0154056	-0.123301	0.18041	0.0550411	0.0309676	-0.155186	-0.00816778	-0.0460506	0.194768	0.00492369	0.0352109	0.0370969	-0.0482297	-0.0796231	0.0460844	-0.100811	-0.0416342	-0.0746731	0.211836	-0.0628243	-0.129784	-0.00856844	0.0992003	-0.113879	-0.0183795	-0.0139396	-0.0436647	0.0934424	0.036762	0.139178	0.0397244	0.0485061	0.0519734	0.00242956	-0.0371285	-0.0302412	-0.161623	0.274274	-0.013006	0.161204	-0.0354729	-0.0383387	0.0253674	0.00533034	-0.0705722	-0.0224315	0.13919	0.0277754	-0.0485656	0.0301723	-0.0473546	-0.0571074	
-0.0159657	0.0534921	0.0893878	-0.145302	-0.00580612	-0.131824	-0.0334802	-0.226526	0.078326	-0.0404271	0.0715228	-0.0510329	-0.0294575	0.146104	-0.0713856	0.0061046	-0.0119339	0.0342965	-0.0661024	0.0208713	-0.197171	-0.0138584	0.0629661	-0.140792	-0.0192667	0.0281177	0.0609217	0.0261696	-0.0490222	0.017929	-0.0289595	-0.0247996	0.0130538	-0.0702026	-0.0347478	0.0933264	0.151171	0.0677329	0.00372517	0.288165	0.0771862	-0.091843	-0.0656685	-0.0436329	0.0146635	0.0249296	0.0499443	-0.133181	0.0121367	-0.118403	0.177961	0.0558582	0.0350504	-0.160902	-0.00245348	-0.038695	0.184971	0.00410732	0.0335773	0.0330144	-0.0514958	-0.0739085	0.0550653	-0.0950963	-0.0481648	-0.0705913	0.220818	-0.0636407	-0.13958	-0.00775211	0.104098	-0.114696	-0.0175632	-0.0188388	-0.0428484	0.0901767	0.0359456	0.130198	0.0429922	0.055042	0.056058	-0.00491759	-0.0412102	-0.0228936	-0.169787	0.272641	-0.0228044	0.157121	-0.0313907	-0.0416042	0.0147527	0.00859579	-0.0754714	-0.0248806	0.140006	0.0302244	-0.0518309	0.0309887	-0.05062	-0.0587403	
-0.0224673	0.0534781	0.0828571	-0.146121	-0.00983111	-0.131834	-0.0375548	-0.218397	0.0816629	-0.0436805	0.0714768	-0.0436779	-0.0220675	0.14857	-0.0689798	0.00856564	-0.00942339	0.0269425	-0.0587702	0.0200208	-0.200498	-0.0122387	0.0645465	-0.140008	-0.0200333	0.0322341	0.0657699	0.0236913	-0.05063	0.0277466	-0.0297899	-0.025703	0.0114261	-0.0653056	-0.0281841	0.0981401	0.147851	0.0685662	0.00205821	0.284899	0.0771623	-0.0983696	-0.0681643	-0.0436649	0.0138681	0.0232769	0.0441542	-0.137217	0.0114005	-0.115118	0.176327	0.0543	0.0367245	-0.167399	-0.00489947	-0.0395964	0.179226	0.00572306	0.0261671	0.0346834	-0.0457432	-0.0681759	0.0542789	-0.0902023	-0.0514291	-0.0714236	0.235558	-0.0628513	-0.145304	-0.00938676	0.105721	-0.111507	-0.0183715	-0.0220659	-0.0428544	0.0893843	0.0383777	0.126937	0.046192	0.0534781	0.0551751	-0.00898634	-0.0428529	-0.0171559	-0.174692	0.27592	-0.025293	0.150618	-0.0355008	-0.0457071	0.00981665	0.00694707	-0.0763259	-0.0314233	0.139186	0.026946	-0.0510185	0.0310116	-0.048166	-0.062035	
-0.023707	0.0514442	0.084898	-0.145712	-0.00618501	-0.131421	-0.0371502	-0.211438	0.0844878	-0.0473601	0.0710915	-0.0424574	-0.0175969	0.148153	-0.0652832	0.0130495	-0.0114954	0.0273542	-0.0559055	0.0220791	-0.204961	-0.0126404	0.0600811	-0.139584	-0.0204667	0.0285429	0.0678376	0.0200318	-0.0559492	0.0346754	-0.0301911	-0.0244339	0.0118318	-0.067346	-0.0204436	0.0994118	0.149919	0.0730477	0.00411641	0.283675	0.0824809	-0.104494	-0.0693662	-0.0432407	0.0134494	0.0253278	0.0372451	-0.136832	0.0183064	-0.112271	0.179185	0.0530363	0.0395619	-0.17109	-0.00122749	-0.0350593	0.178016	0.00369064	0.0282386	0.0350736	-0.0420874	-0.0653276	0.0587543	-0.0816289	-0.0559194	-0.0644766	0.236762	-0.0583474	-0.146524	-0.0089776	0.107767	-0.110242	-0.0204164	-0.0208606	-0.0424432	0.0840657	0.0453253	0.124078	0.0466345	0.0554855	0.0531658	-0.0110337	-0.0440724	-0.010228	-0.171831	0.27877	-0.0224157	0.147746	-0.0391608	-0.0493704	0.0110599	0.00899597	-0.0742656	-0.0359072	0.139596	0.0298098	-0.0563227	0.0232444	-0.0510256	-0.0673274	
-0.0241502	0.047787	0.0877551	-0.147749	-0.00747906	-0.129368	-0.0408318	-0.208538	0.0823649	-0.0502313	0.0707368	-0.0412423	-0.0156034	0.142827	-0.0623738	0.0150764	-0.0119739	0.0220562	-0.0587452	0.019261	-0.2102	-0.0114007	0.0605513	-0.137505	-0.0258333	0.0256456	0.0732068	0.0180245	-0.0580194	0.0391411	-0.0281339	-0.0263769	0.0138668	-0.0661203	-0.0159904	0.096657	0.152023	0.0775179	0.00211486	0.282451	0.0869991	-0.107356	-0.0721707	-0.0403457	0.0130167	0.0241266	0.0361025	-0.139745	0.0178032	-0.11515	0.18041	0.0492706	0.0399224	-0.172356	-0.000822825	-0.032918	0.174377	0.00166955	0.0262655	0.0305409	-0.0384563	-0.0608586	0.0583111	-0.0755017	-0.0579614	-0.0591515	0.239571	-0.0521928	-0.144472	-0.00938343	0.111452	-0.107288	-0.0216502	-0.0245805	-0.0428444	0.0819967	0.0449369	0.122849	0.052841	0.0574463	0.0569189	-0.011457	-0.0428362	-0.0122958	-0.1657	0.280796	-0.023595	0.150571	-0.0370871	-0.0546524	0.0115113	0.00860645	-0.0729965	-0.0363014	0.138376	0.0302331	-0.0591752	0.0277077	-0.049807	-0.071784	
-0.0265996	0.0412562	0.0902041	-0.146932	-0.00502866	-0.127736	-0.0416482	-0.206905	0.0831818	-0.0592111	0.0691036	-0.0387932	-0.00825437	0.146093	-0.0631904	0.0216072	-0.0136075	0.0196072	-0.0620107	0.0241599	-0.217552	-0.00731899	0.0621847	-0.136689	-0.0250167	0.031361	0.0772903	0.0123094	-0.057203	0.0481213	-0.0322156	-0.0280115	0.0163158	-0.060406	-0.0184398	0.0974744	0.156923	0.0791507	0.00293134	0.276737	0.0910811	-0.104091	-0.0721707	-0.0378963	0.0113839	0.0290248	0.0393705	-0.142195	0.016986	-0.114334	0.178778	0.0566246	0.0448217	-0.178888	-0.00735345	-0.0321007	0.171927	0.00493501	0.0246319	0.0362564	-0.0376397	-0.0535113	0.0574947	-0.0681548	-0.059594	-0.0583352	0.237938	-0.0530092	-0.143656	-0.0085671	0.113085	-0.112191	-0.0200175	-0.0343789	-0.0346811	0.0762819	0.0457533	0.117135	0.0512071	0.0558123	0.0618205	-0.0106407	-0.0452852	-0.0180106	-0.163251	0.278347	-0.0244115	0.148122	-0.0387199	-0.0595507	0.0106948	0.0102392	-0.07218	-0.0387505	0.132662	0.0302331	-0.0591752	0.0260749	-0.0530723	-0.0758662	
-0.0270028	0.0408456	0.0881633	-0.148157	-0.00706082	-0.125696	-0.0379735	-0.202421	0.0827849	-0.0555355	0.0695042	-0.0343021	-0.00620615	0.144871	-0.0644226	0.0228337	-0.0140059	0.0232795	-0.061605	0.025379	-0.221237	-0.00609663	0.0650343	-0.133836	-0.0254167	0.0334078	0.0801401	0.0102635	-0.0616891	0.0542477	-0.0350752	-0.0292519	0.0134594	-0.057549	-0.0147604	0.0986854	0.158956	0.0811944	0.00251744	0.277145	0.0939345	-0.102865	-0.0758531	-0.0383099	0.0101628	0.0326952	0.0397672	-0.140962	0.0198598	-0.11229	0.176737	0.0545945	0.0436037	-0.180923	-0.00367947	-0.0317061	0.168248	0.00289127	0.0217632	0.0383036	-0.0364088	-0.0539164	0.0579079	-0.0652983	-0.0591857	-0.0554806	0.239987	-0.051789	-0.145698	-0.00652662	0.115124	-0.114248	-0.0179754	-0.0380468	-0.0334576	0.0734285	0.0486078	0.115094	0.0507873	0.0562325	0.0622179	-0.0126794	-0.043246	-0.0175986	-0.163661	0.277941	-0.0223767	0.149351	-0.0391328	-0.059146	0.0135464	0.0130938	-0.0709615	-0.0416097	0.131437	0.02819	-0.0604003	0.026487	-0.0526633	-0.0770957	
-0.032678	0.0383779	0.0889796	-0.147345	-0.0118829	-0.121628	-0.0387805	-0.19757	0.0779751	-0.0628666	0.0702595	-0.0318424	-0.00125216	0.147343	-0.0652979	0.0244824	-0.0171932	0.0224538	-0.0591759	0.0285996	-0.226218	-0.00774666	0.0682305	-0.133063	-0.0278	0.0359026	0.0841542	0.0126742	-0.0649214	0.0559085	-0.0367266	-0.030184	0.0126498	-0.0583667	-0.0139012	0.0961116	0.158068	0.0861153	-0.00161031	0.282042	0.0971682	-0.103676	-0.0742812	-0.0334538	0.00692529	0.0334849	0.0339534	-0.13845	0.0216023	-0.118795	0.174286	0.0538788	0.0452915	-0.180877	0.000406165	-0.0277317	0.16331	0.00368498	0.0151501	0.0424342	-0.035543	-0.050627	0.0587643	-0.0644873	-0.063266	-0.0522365	0.243309	-0.0501922	-0.140812	-0.0040803	0.120009	-0.111086	-0.0155157	-0.042894	-0.0302003	0.0701948	0.0502178	0.111018	0.0490627	0.0604108	0.060496	-0.0200092	-0.037545	-0.0175679	-0.166935	0.277142	-0.0216121	0.145306	-0.0448852	-0.0608068	0.0118641	0.0155215	-0.0726452	-0.0440747	0.125717	0.0347035	-0.063671	0.0297832	-0.0444933	-0.0714193	
-0.0318615	0.0375616	0.0897959	-0.148978	-0.0102493	-0.117546	-0.0395968	-0.19757	0.0812429	-0.0669484	0.0718927	-0.0310261	0.0011975	0.148159	-0.0644813	0.0252987	-0.0163763	0.0240865	-0.0567268	0.0253337	-0.228669	-0.00693031	0.0706806	-0.133063	-0.03025	0.0391686	0.0890544	0.0126742	-0.0624721	0.0608068	-0.0375429	-0.027732	0.0126498	-0.061632	-0.0147177	0.0944767	0.156435	0.0861153	-0.00161031	0.283674	0.0979846	-0.104493	-0.0759145	-0.0310044	0.00855806	0.0367505	0.0331364	-0.139266	0.0191506	-0.120428	0.17347	0.055513	0.0403922	-0.179244	-0.000410163	-0.0244626	0.16086	0.00531771	0.0151501	0.0432507	-0.0314604	-0.0498106	0.0595808	-0.0644873	-0.0665313	-0.0506037	0.246575	-0.0510086	-0.13918	-0.00326398	0.121641	-0.111086	-0.0155157	-0.0453436	-0.0253023	0.0669292	0.0526669	0.109385	0.0506966	0.0563259	0.0555945	-0.0208256	-0.035096	-0.0192007	-0.164486	0.274693	-0.0207956	0.142857	-0.0448852	-0.0608068	0.0102311	0.0155215	-0.0726452	-0.0416257	0.122452	0.0387853	-0.0644873	0.031416	-0.0493913	-0.0738686	
-0.0343208	0.0400153	0.0897959	-0.148977	-0.00781861	-0.11591	-0.0371502	-0.196741	0.0820369	-0.0702178	0.0719081	-0.0277634	0.0036335	0.146521	-0.0652832	0.0269274	-0.0163963	0.0273542	-0.0608036	0.025345	-0.236817	-0.00855867	0.071515	-0.129786	-0.0278167	0.0391572	0.0915218	0.0118674	-0.0632969	0.0681473	-0.0383546	-0.0293379	0.0110155	-0.0632643	-0.012279	0.0945071	0.156453	0.0893751	-0.00159898	0.281226	0.0996254	-0.109392	-0.0767158	-0.0293608	0.00855107	0.040839	0.030709	-0.136832	0.0232097	-0.120434	0.170205	0.0563047	0.0387454	-0.182521	-0.000411163	-0.0260691	0.160054	0.0069561	0.014353	0.0416057	-0.0282067	-0.0473675	0.0554885	-0.0612207	-0.0640826	-0.0457002	0.247378	-0.0534489	-0.135095	-0.00489596	0.124094	-0.108607	-0.012253	-0.0494393	-0.022035	0.0628392	0.053489	0.107751	0.0531702	0.0563025	0.0564335	-0.0249117	-0.0367253	-0.0216576	-0.163668	0.27224	-0.0191495	0.141215	-0.0473251	-0.0599834	0.0135095	0.0138941	-0.0693665	-0.0432543	0.121637	0.0404223	-0.0636696	0.030592	-0.0526583	-0.0771247	
-0.0355505	0.0404258	0.0902041	-0.145303	-0.00578645	-0.111419	-0.0351105	-0.192244	0.0832509	-0.0698116	0.0698742	-0.0257239	0.00811773	0.145293	-0.064051	0.0281499	-0.0168147	0.0302125	-0.0595766	0.0265754	-0.239666	-0.00978103	0.0743823	-0.12774	-0.0331333	0.0387433	0.099289	0.0163626	-0.0645257	0.0767158	-0.0379441	-0.0231936	0.0089738	-0.0636723	-0.0110596	0.0957484	0.15687	0.0881477	-0.00608397	0.27592	0.0984048	-0.113883	-0.0803829	-0.0273143	0.0065066	0.0396178	0.0262273	-0.134798	0.0219704	-0.119213	0.170613	0.0575177	0.035064	-0.184568	0.000812829	-0.0240119	0.157201	0.0106326	0.0131376	0.0469069	-0.0253551	-0.0461459	0.0583411	-0.0608118	-0.0677563	-0.0469221	0.246962	-0.0554855	-0.138767	-0.0110181	0.126953	-0.111454	-0.00939718	-0.0506706	-0.0224421	0.058345	0.0539	0.103261	0.0519561	0.0566993	0.0544022	-0.0285874	-0.0428462	-0.0196204	-0.16734	0.267747	-0.0211844	0.143251	-0.0518108	-0.0595717	0.0155569	0.0118559	-0.0640527	-0.0452932	0.125311	0.0424653	-0.0599955	0.0318127	-0.0579653	-0.0816103	
-0.0379399	0.0354997	0.0910204	-0.143676	0.000865975	-0.103275	-0.0293822	-0.183335	0.080121	-0.0706039	0.0640659	-0.0248916	0.0114659	0.148593	-0.064139	0.0314393	-0.0158779	0.0310148	-0.0587902	0.0256909	-0.244687	-0.00817432	0.0775432	-0.126987	-0.0322167	0.0420772	0.104902	0.0154882	-0.06121	0.0873709	-0.0404211	-0.0168271	0.000820495	-0.0677559	-0.00609683	0.0931139	0.155947	0.0873653	-0.00451899	0.273469	0.107337	-0.119589	-0.0821081	-0.0249289	0.00328304	0.0322304	0.0228172	-0.132254	0.0188636	-0.118359	0.170611	0.0584869	0.035146	-0.188581	0.00326781	-0.0217282	0.157958	0.0105986	0.0146532	0.0445294	-0.023648	-0.0428445	0.0543188	-0.0583708	-0.066938	-0.0469541	0.244597	-0.054723	-0.137969	-0.0110221	0.131831	-0.10998	-0.00856486	-0.0546752	-0.0240868	0.0534945	0.0554987	0.10082	0.0510031	0.0560224	0.0542701	-0.0375412	-0.0469479	-0.0220236	-0.169803	0.263692	-0.0277946	0.145757	-0.0592147	-0.0628793	0.0162994	0.00855847	-0.0616791	-0.0534807	0.122854	0.0448884	-0.0542892	0.0277767	-0.0620369	-0.0914655	
-0.0408624	0.0302237	0.0865306	-0.150608	0.00278012	-0.0995802	-0.0314382	-0.17795	0.0820139	-0.0792016	0.0686569	-0.0245007	0.0150516	0.144066	-0.0628188	0.0350869	-0.01805	0.0281728	-0.0575332	0.0310717	-0.243331	-0.010187	0.0805165	-0.123244	-0.0343667	0.0407789	0.10869	0.0151428	-0.0665709	0.0975302	-0.0432481	-0.0178666	0.00121783	-0.063264	0.00240674	0.0945374	0.155654	0.0918185	-0.00648655	0.273879	0.110247	-0.117557	-0.0824167	-0.0252678	0.00772768	0.0302328	0.0233796	-0.132765	0.0174622	-0.116359	0.169389	0.0579136	0.0370986	-0.189065	0.00530213	-0.0235892	0.156798	0.0110436	0.0151895	0.0464927	-0.0257695	-0.0383934	0.063643	-0.0514234	-0.066532	-0.0465113	0.240831	-0.0501742	-0.133459	-0.00979326	0.137158	-0.111849	-0.00490867	-0.0584341	-0.0212166	0.0448703	0.054311	0.0971378	0.050742	0.0611811	0.0556385	-0.0371612	-0.0530488	-0.0216652	-0.171829	0.255908	-0.0273019	0.151819	-0.0644609	-0.063242	0.0184209	0.0130831	-0.0530233	-0.0538628	0.120006	0.0445084	-0.0587703	0.0248695	-0.0665376	-0.101608	
-0.0408524	0.0318518	0.0816327	-0.153058	0.00443339	-0.0979508	-0.0330685	-0.173879	0.0844878	-0.0816466	0.0653751	-0.0261307	0.0142487	0.145704	-0.0571173	0.0359072	-0.0188468	0.0265378	-0.0575382	0.0310604	-0.244168	-0.00692598	0.0813155	-0.121621	-0.03435	0.0416067	0.111939	0.0135003	-0.0673789	0.09917	-0.04162	-0.0178953	-0.00122949	-0.0640806	0.00813267	0.0920547	0.153186	0.0901914	-0.00731436	0.27143	0.115953	-0.120821	-0.0856985	-0.0211961	0.0134494	0.0318588	0.0176368	-0.131932	0.0232097	-0.116353	0.16694	0.0571219	0.0420116	-0.191503	0.00856844	-0.0228	0.155155	0.0110379	0.0151698	0.0448717	-0.0249406	-0.0359383	0.0701846	-0.0473431	-0.0697969	-0.0489657	0.244928	-0.0452846	-0.132646	-0.0122429	0.138788	-0.110242	-0.002457	-0.0600542	-0.0253003	0.0440619	0.0559381	0.0930575	0.056438	0.0620215	0.0572504	-0.0387896	-0.0530521	-0.022474	-0.169382	0.25428	-0.0256818	0.153461	-0.0669195	-0.0599834	0.0208581	0.0106287	-0.0481369	-0.0546832	0.116739	0.0469531	-0.059588	0.0248772	-0.0681685	-0.102434	
-0.0391796	0.0310168	0.0791837	-0.156328	0.00696247	-0.0963315	-0.0338755	-0.174744	0.080495	-0.084896	0.0604141	-0.0269364	0.0102206	0.14736	-0.0506432	0.0334742	-0.0171331	0.0248958	-0.0534764	0.0318315	-0.245882	-0.008576	0.0820616	-0.116765	-0.0408167	0.0449179	0.112686	0.0134616	-0.0673456	0.104096	-0.0498022	-0.0220967	-0.00612081	-0.061633	0.0130741	0.0902983	0.147398	0.0926632	-0.0114421	0.271428	0.118371	-0.124081	-0.0841266	-0.0155235	0.0183757	0.0375469	0.014274	-0.130236	0.0298555	-0.113062	0.166122	0.0539548	0.0445159	-0.194722	0.0159194	-0.0212775	0.152666	0.00938254	0.0142743	0.0498187	-0.0232583	-0.037547	0.0702246	-0.0465321	-0.0689793	-0.0530688	0.246617	-0.0412385	-0.132658	-0.0122456	0.138774	-0.107897	0.00408434	-0.0600022	-0.0244919	0.0367462	0.0575481	0.0881648	0.0628829	0.0653828	0.0555285	-0.0420377	-0.0555145	-0.0191777	-0.172657	0.252665	-0.0265503	0.149417	-0.0677733	-0.0624606	0.0257078	0.00652556	-0.0506371	-0.0587809	0.115917	0.0485685	-0.0571443	0.023275	-0.0697945	-0.0992072	
-0.0379499	0.0273408	0.0755102	-0.152655	0.00819751	-0.0951086	-0.0334662	-0.168626	0.0760131	-0.0844858	0.0575483	-0.0281596	0.00491983	0.147771	-0.0502423	0.0338844	-0.0134475	0.0253028	-0.051438	0.0363165	-0.252018	-0.0114354	0.0783775	-0.114729	-0.0436667	0.0445154	0.116353	0.013865	-0.0718317	0.110223	-0.0526618	-0.023337	-0.00979346	-0.058776	0.0183865	0.0866046	0.148614	0.0987888	-0.00859008	0.270204	0.122041	-0.12857	-0.0780097	-0.0159371	0.0196038	0.0355026	0.0146707	-0.130637	0.0294604	-0.110201	0.16653	0.0494733	0.0481973	-0.200023	0.0171444	-0.0192483	0.153886	0.00325697	0.0114057	0.0477834	-0.0269264	-0.0387686	0.0747201	-0.0412266	-0.0734689	-0.0559287	0.245399	-0.0375691	-0.133068	-0.0110214	0.135916	-0.106684	0.00367751	-0.062037	-0.0240848	0.0298108	0.0587698	0.0836757	0.0624631	0.06662	0.0534752	-0.04326	-0.0559243	-0.0203985	-0.170617	0.248993	-0.0277816	0.152279	-0.069819	-0.0636886	0.0261099	0.00693107	-0.0486021	-0.0591911	0.117957	0.0522399	-0.0551042	0.0228707	-0.0718345	-0.0979874	
-0.036287	0.0240614	0.0771429	-0.151841	0.0115237	-0.0926696	-0.0301938	-0.166212	0.0744482	-0.0893719	0.0542359	-0.0281516	0.00741049	0.146155	-0.0486531	0.03308	-0.0133875	0.0252958	-0.0522693	0.040365	-0.256979	-0.0163465	0.0758744	-0.113129	-0.0477	0.0437329	0.115484	0.0113867	-0.0758888	0.115958	-0.0575739	-0.0242404	-0.0114211	-0.0555117	0.0241337	0.0816088	0.145295	0.097173	-0.0069911	0.271835	0.124466	-0.129382	-0.0805055	-0.0159691	0.0212575	0.0322171	0.0105146	-0.12569	0.0311759	-0.111815	0.166529	0.0454638	0.0498714	-0.198355	0.0155147	-0.0185151	0.157121	0.00242361	0.00971309	0.0510854	-0.0260729	-0.0346688	0.0796488	-0.0387816	-0.0742842	-0.0534957	0.243808	-0.0367796	-0.133077	-0.0126561	0.139987	-0.105947	0.0036855	-0.0619981	-0.0298051	0.0257527	0.0644674	0.0861287	0.0607612	0.068324	0.0558599	-0.0399816	-0.055118	-0.0228247	-0.167359	0.246557	-0.025371	0.15149	-0.0682142	-0.0620769	0.0244399	0.00773144	-0.0502732	-0.0608358	0.116321	0.057125	-0.0510265	0.0188117	-0.0750949	-0.0988328	
-0.0342509	0.0252883	0.0783673	-0.1498	0.0127391	-0.0930761	-0.0306032	-0.164165	0.0699434	-0.0922311	0.052202	-0.0293774	0.00781193	0.147377	-0.0433379	0.0310371	-0.0105386	0.0208072	-0.0518587	0.0391459	-0.258194	-0.0151198	0.0795584	-0.107816	-0.0473	0.0457684	0.109368	0.00853397	-0.082016	0.119629	-0.0604288	-0.0262694	-0.0142791	-0.056736	0.026986	0.0828502	0.149795	0.0975784	-0.00494423	0.271427	0.125694	-0.126526	-0.0776397	-0.0155555	0.023295	0.0326286	0.00603289	-0.123656	0.0332055	-0.110594	0.166121	0.0442255	0.0502728	-0.197953	0.0183714	-0.0189097	0.155085	0.00120189	0.00523052	0.0539372	-0.0256708	-0.0318145	0.0841342	-0.0334748	-0.0755089	-0.0539012	0.244209	-0.0371834	-0.135116	-0.0130639	0.144479	-0.10716	0.00735768	-0.0640459	-0.0293959	0.0220749	0.0648784	0.0857198	0.0595471	0.0687208	0.0513779	-0.0444737	-0.0579735	-0.0232367	-0.166949	0.246147	-0.0233232	0.149445	-0.0702506	-0.0616652	0.0256708	0.00487684	-0.0498586	-0.061242	0.115913	0.0583517	-0.0473524	0.0224816	-0.0722385	-0.101686	
-0.032608	0.0261	0.075102	-0.148985	0.0152092	-0.0947121	-0.0322335	-0.162544	0.0699664	-0.0987579	0.047287	-0.0277421	0.00945871	0.151464	-0.0400862	0.0318575	-0.0154195	0.0208048	-0.0494146	0.0399511	-0.25658	-0.0134914	0.0811742	-0.10946	-0.0472833	0.0482292	0.10935	0.0101572	-0.0860898	0.122901	-0.0620662	-0.0262981	-0.0159101	-0.0518384	0.0253638	0.0844547	0.147328	0.0951349	-0.00577204	0.273876	0.121604	-0.125708	-0.0743886	-0.0163826	0.0192201	0.0342547	0.00274116	-0.122007	0.038953	-0.107322	0.171019	0.0442508	0.0502865	-0.195492	0.024903	-0.0115821	0.152626	0.00364532	0.00112685	0.0588482	-0.026475	-0.0293594	0.0857771	-0.0334761	-0.0755086	-0.0530901	0.243407	-0.0363759	-0.138384	-0.0114319	0.145292	-0.103918	0.011442	-0.0623998	-0.0253163	0.0171845	0.0714037	0.0873538	0.0538057	0.0695612	0.049722	-0.0461021	-0.0596095	-0.0215962	-0.168584	0.246151	-0.0225197	0.144555	-0.068627	-0.0682033	0.024842	0.00242243	-0.0466051	-0.061246	0.113463	0.0632454	-0.0498027	0.0282041	-0.0681552	-0.104145	
-0.0350373	0.026907	0.0718367	-0.146538	0.0185157	-0.0939024	-0.0322288	-0.160935	0.0691954	-0.102015	0.04154	-0.0261041	0.00866948	0.153925	-0.0384824	0.0302328	-0.0178299	0.0224328	-0.0477919	0.0431943	-0.258254	-0.0151328	0.0819556	-0.110298	-0.0505167	0.0482519	0.107682	0.00850498	-0.0860731	0.125364	-0.0637082	-0.0263555	-0.0183558	-0.0493901	0.0294674	0.0803067	0.148109	0.0984117	-0.00171228	0.274692	0.122405	-0.127338	-0.0711528	-0.0139546	0.0208668	0.0309758	-0.00220827	-0.117076	0.0398243	-0.107309	0.171018	0.0434844	0.0437814	-0.195468	0.0257213	-0.00755173	0.15179	0.00363399	0.000270711	0.0605052	-0.0280834	-0.0317965	0.0898794	-0.0285808	-0.0746916	-0.0539172	0.245885	-0.0339446	-0.135125	-0.0163312	0.146918	-0.103971	0.010631	-0.0631904	-0.0261366	0.0155677	0.0738415	0.0889892	0.0504925	0.0679739	0.0513119	-0.0460934	-0.0563508	-0.0223973	-0.170222	0.243711	-0.0249953	0.144574	-0.0678293	-0.0690336	0.0305329	0.000779042	-0.0417313	-0.0612539	0.107746	0.0632368	-0.0498054	0.0331178	-0.0697845	-0.108246	
-0.0333944	0.0244533	0.0726531	-0.146539	0.0218026	-0.0939058	-0.0338592	-0.161764	0.0724863	-0.106093	0.036625	-0.0261014	0.00868315	0.149848	-0.0368639	0.0277878	-0.0153595	0.0216142	-0.0486132	0.0456324	-0.260724	-0.0175862	0.0835713	-0.112758	-0.0513167	0.0498962	0.106032	0.0101282	-0.0860648	0.126188	-0.0645292	-0.0247495	-0.0191704	-0.0502068	0.031111	0.0745542	0.147275	0.100866	0.00154232	0.271426	0.12403	-0.132235	-0.0728013	-0.0147817	0.0216902	0.0293364	-0.00304896	-0.117061	0.0406685	-0.104037	0.171018	0.0410584	0.0446116	-0.19709	0.027355	-0.00431061	0.150147	0.00526106	-0.00219936	0.0605172	-0.0288876	-0.0317905	0.0898894	-0.0236842	-0.0697933	-0.0522898	0.249981	-0.0364029	-0.134312	-0.0204135	0.151813	-0.101546	0.00981735	-0.0664435	-0.0269549	0.0180249	0.0795504	0.0898068	0.0463851	0.0688142	0.0512899	-0.0477218	-0.0539051	-0.0215732	-0.169408	0.241266	-0.0299075	0.140501	-0.0662057	-0.0690406	0.0288876	-0.000859012	-0.041744	-0.0596253	0.106112	0.0640488	-0.0449087	0.0323091	-0.0665176	-0.107439	
-0.036287	0.0265105	0.0730612	-0.14776	0.0213253	-0.0934859	-0.0318265	-0.161313	0.0695464	-0.107332	0.0338205	-0.0265189	0.0106767	0.146971	-0.0339545	0.0265492	-0.0166547	0.0187652	-0.0441058	0.0468968	-0.262696	-0.0187955	0.0864916	-0.113945	-0.0526	0.0502647	0.105684	0.0105702	-0.088135	0.127388	-0.0632884	-0.0258751	-0.0195844	-0.0481648	0.0339313	0.0717993	0.149378	0.101255	0.0028067	0.272652	0.122017	-0.132647	-0.0715228	-0.0135197	0.0228903	0.0289515	-0.00174057	-0.114257	0.0401654	-0.101202	0.170611	0.039744	0.0433389	-0.195906	0.031025	-0.00625575	0.148957	0.00650544	-0.00253892	0.0617	-0.0277059	-0.0297705	0.0902626	-0.0200061	-0.0685699	-0.0551284	0.249524	-0.0408618	-0.134709	-0.0216357	0.149783	-0.0977752	0.00858352	-0.0677138	-0.0281724	0.0175887	0.0816111	0.0910266	0.0468729	0.071592	0.0485077	-0.0522269	-0.0543016	-0.0195591	-0.170624	0.240843	-0.0310868	0.139244	-0.064132	-0.0702407	0.030972	0.00038419	-0.0412914	-0.0583867	0.108158	0.0636558	-0.0412306	0.035956	-0.0685642	-0.109447	
-0.0297354	0.0322156	0.0730612	-0.148578	0.0229983	-0.0926763	-0.0301892	-0.158888	0.0663245	-0.109773	0.0321566	-0.0216156	0.0172365	0.146166	-0.0323506	0.0241082	-0.0157979	0.0179442	-0.0384013	0.0436082	-0.257836	-0.0179878	0.0913565	-0.114783	-0.0509333	0.0576358	0.104016	0.00973448	-0.0848527	0.129851	-0.064114	-0.0259325	-0.0203974	-0.0432675	0.0347691	0.074191	0.153426	0.103715	0.00441701	0.271835	0.123633	-0.132645	-0.0691036	-0.00782574	0.0220879	0.030571	-0.00178792	-0.118309	0.042671	-0.0987403	0.169794	0.0389776	0.0425497	-0.198332	0.0302106	-0.00876365	0.145671	0.00975957	-0.000944654	0.0617239	-0.0309473	-0.0289422	0.0894661	-0.0183761	-0.0669366	-0.0543227	0.251185	-0.0392469	-0.133899	-0.0224533	0.151409	-0.0986458	0.00777251	-0.072587	-0.0273601	0.0167883	0.0848652	0.0893967	0.0500954	0.0765406	0.0484637	-0.0530346	-0.0518593	-0.0211765	-0.170629	0.240035	-0.0319293	0.139263	-0.0600685	-0.0718875	0.0293143	-0.00370828	-0.0421333	-0.0592111	0.108155	0.0644635	-0.035519	0.0400533	-0.0685609	-0.109466	
-0.0301686	0.0350845	0.0718367	-0.150616	0.0258079	-0.0930761	-0.0281542	-0.155184	0.0593227	-0.115089	0.0285202	-0.0171324	0.016794	0.14656	-0.0335388	0.02369	-0.0113554	0.0232562	-0.0404297	0.0407789	-0.25656	-0.0183852	0.0909924	-0.119247	-0.0522	0.0629146	0.102834	0.0109833	-0.0836489	0.126976	-0.0645106	-0.0238174	-0.0199934	-0.0420422	0.0367836	0.0705883	0.158779	0.108191	0.00567006	0.267346	0.12896	-0.131424	-0.0694736	-0.00330852	0.0208458	0.0293631	-0.00295425	-0.12284	0.0413777	-0.0942661	0.166121	0.0385057	0.04619	-0.201219	0.0281673	-0.0115541	0.137123	0.00854918	-0.00048708	0.0637352	-0.033836	-0.0309981	0.0898494	-0.0163319	-0.0624477	-0.0555339	0.252375	-0.0453476	-0.131851	-0.0253088	0.150193	-0.0989877	0.00572501	-0.0738443	-0.0302123	0.0196257	0.0861039	0.0865362	0.0489267	0.0817927	0.0530117	-0.0542699	-0.0530754	-0.0216039	-0.169398	0.236351	-0.0323051	0.142913	-0.0620862	-0.0722782	0.0281204	-0.00328677	-0.0376107	-0.0628746	0.109383	0.0673315	-0.0342911	0.0420752	-0.0673406	-0.112299	
-0.0305718	0.0363067	0.0714286	-0.151025	0.0262261	-0.0934859	-0.0285612	-0.153965	0.0572918	-0.116311	0.0289208	-0.0159065	0.0196588	0.145339	-0.0339545	0.0249165	-0.010937	0.0228468	-0.040024	0.0411814	-0.258612	-0.0212446	0.0922086	-0.121293	-0.0526	0.0657779	0.104867	0.0097538	-0.0807873	0.124122	-0.0641047	-0.0217884	-0.0187681	-0.0408178	0.0380136	0.0717993	0.161629	0.109419	0.00770561	0.266121	0.129364	-0.130198	-0.0674397	-0.00290562	0.0204412	0.0273188	-0.00174057	-0.124873	0.0434342	-0.092222	0.167345	0.0389269	0.044972	-0.202438	0.0277596	-0.012794	0.135077	0.0073218	-8.85145e-05	0.0657825	-0.032605	-0.0297705	0.0902626	-0.0134754	-0.0604067	-0.054312	0.25279	-0.0465768	-0.131444	-0.0289826	0.148967	-0.0994096	0.00531817	-0.0742461	-0.0281724	0.0208543	0.0840602	0.0828634	0.0468729	0.0838469	0.0534092	-0.0546759	-0.0526689	-0.0244575	-0.167359	0.235945	-0.0335364	0.144142	-0.0616827	-0.0735063	0.0252564	-0.00859579	-0.0363923	-0.0641012	0.10979	0.0661048	-0.0338836	0.0392216	-0.0669316	-0.112712	
-0.0310051	0.0375429	0.0726531	-0.150614	0.0257685	-0.0914368	-0.0306078	-0.15271	0.0560088	-0.119179	0.026101	-0.0146887	0.0224826	0.1441	-0.0343261	0.0244984	-0.0122122	0.0216282	-0.0420524	0.041618	-0.257337	-0.024091	0.0910277	-0.124124	-0.0506	0.0686073	0.105319	0.00936974	-0.0795835	0.120431	-0.0645012	-0.0221254	-0.0216294	-0.0387762	0.0408446	0.0706491	0.162081	0.112262	0.00814218	0.265714	0.131425	-0.128977	-0.0653598	-0.00165426	0.0183827	0.0269272	-0.00127287	-0.127771	0.046227	-0.0893805	0.166938	0.038455	0.0428965	-0.203692	0.0306143	-0.0106808	0.134694	0.00856051	-0.00044774	0.0669772	-0.0338606	-0.0318265	0.0914623	-0.0122476	-0.0575504	-0.0530742	0.25398	-0.0469625	-0.131845	-0.0318381	0.147751	-0.0981171	0.00735235	-0.0746868	-0.0277593	0.0220589	0.0836662	0.0832682	0.0473381	0.08338	0.0538727	-0.0559113	-0.0514361	-0.0248848	-0.165312	0.237158	-0.0347287	0.142078	-0.0637004	-0.0730806	0.023246	-0.0106234	-0.0351358	-0.0644993	0.110202	0.0665238	-0.0342885	0.0396107	-0.0673439	-0.11228	
-0.0294022	0.0408223	0.0702041	-0.148979	0.0273431	-0.0914268	-0.0330638	-0.150225	0.0518549	-0.12164	0.0236972	-0.0146967	0.0224416	0.144899	-0.0350987	0.0220373	-0.0122722	0.0216352	-0.0436701	0.040019	-0.255644	-0.0216289	0.0935308	-0.124092	-0.05065	0.0726557	0.105371	0.0102152	-0.078792	0.12041	-0.0653036	-0.021222	-0.0216344	-0.0379589	0.043262	0.0699227	0.165401	0.113877	0.00899265	0.264898	0.136348	-0.126532	-0.0644972	-0.00243873	0.0167289	0.0293964	-0.00201885	-0.127818	0.0453287	-0.0893995	0.167755	0.0408303	0.0428555	-0.203727	0.0322439	-0.0130486	0.134724	0.0102102	0.00042807	0.0644917	-0.0355306	-0.0326608	0.0922487	-0.00897828	-0.0575514	-0.0530582	0.251488	-0.0477519	-0.130203	-0.0310198	0.149394	-0.0996715	0.00979336	-0.0722762	-0.0277533	0.0244841	0.0820504	0.0840805	0.0449552	0.084944	0.0523048	-0.0559243	-0.0514261	-0.0265406	-0.162856	0.238778	-0.0379558	0.137968	-0.0653053	-0.0730596	0.0216499	-0.0106074	-0.0350978	-0.0669364	0.111022	0.0673532	-0.0367335	0.0404041	-0.0673489	-0.113067	
-0.0285957	0.0424597	0.0726531	-0.14408	0.0273235	-0.0897908	-0.0330662	-0.149396	0.0493809	-0.12246	0.0237125	-0.0130667	0.0265107	0.143261	-0.035084	0.021217	-0.0147427	0.0183722	-0.0452978	0.0392139	-0.251539	-0.0257063	0.0968153	-0.124081	-0.0474	0.0791763	0.105388	0.00614263	-0.0755347	0.116321	-0.0693807	-0.0171066	-0.0216361	-0.0338769	0.0432514	0.0666832	0.170319	0.113055	0.00982047	0.260001	0.139621	-0.121636	-0.0612154	-0.004061	0.0167219	0.0318522	-0.00117817	-0.129467	0.0412156	-0.0885894	0.168572	0.0473418	0.046108	-0.211087	0.0306103	-0.0146551	0.136367	0.0110323	0.00371494	0.0652962	-0.0330934	-0.0342996	0.0971374	-0.00897695	-0.0534701	-0.0538692	0.244942	-0.0469265	-0.135098	-0.0334681	0.149397	-0.101279	0.015505	-0.0706561	-0.0269349	0.030191	0.0804234	0.0816302	0.0400762	0.0914566	0.050693	-0.0583777	-0.0522391	-0.0257319	-0.162854	0.244488	-0.0379428	0.138775	-0.0620303	-0.0763181	0.0208457	-0.0122348	-0.0326356	-0.0677487	0.107758	0.0657248	-0.0367321	0.0379472	-0.0681669	-0.115507	
-0.0298154	0.0371511	0.0738776	-0.142856	0.0310089	-0.0877516	-0.0318405	-0.145728	0.0498009	-0.123682	0.0224799	-0.0134735	0.0277424	0.144488	-0.0371328	0.0159128	-0.0118738	0.0163302	-0.0432594	0.0453318	-0.247874	-0.0301984	0.102115	-0.122046	-0.0469833	0.086122	0.103338	0.00736246	-0.0734895	0.113467	-0.0714239	-0.0126256	-0.0236761	-0.0326526	0.0461143	0.063807	0.169902	0.111834	0.010223	0.255511	0.144107	-0.119594	-0.062448	0.000424229	0.0163172	0.0363389	-0.000781498	-0.132317	0.039186	-0.0857289	0.168164	0.0534829	0.0481563	-0.209856	0.0277536	-0.0142605	0.130239	0.00980489	0.00738071	0.0640775	-0.0334955	-0.0322556	0.100816	-0.00612047	-0.056327	-0.0534637	0.246174	-0.0432571	-0.133875	-0.0371419	0.153069	-0.107421	0.0183635	-0.0710579	-0.0265278	0.0338688	0.0840942	0.0804064	0.0363885	0.0926937	0.0478228	-0.0636818	-0.0542816	-0.0228707	-0.162447	0.247347	-0.0367245	0.136739	-0.0632596	-0.0783626	0.0187983	-0.0118292	-0.0273345	-0.0697916	0.108982	0.0653145	-0.0355083	0.0375428	-0.0644926	-0.119186	
-0.0281725	0.0355137	0.0730612	-0.142857	0.0351126	-0.0861222	-0.0334708	-0.142474	0.049007	-0.12776	0.0200147	-0.0142872	0.0269395	0.142861	-0.0412305	0.0151004	-0.0134875	0.0179605	-0.0424481	0.044504	-0.24626	-0.0269374	0.102097	-0.123689	-0.0437	0.0902158	0.101687	0.00980212	-0.075114	0.111025	-0.074694	-0.00856766	-0.0269397	-0.0310202	0.0502073	0.0645941	0.171518	0.112656	0.0151106	0.254694	0.144916	-0.118776	-0.0591969	0.00531236	0.017957	0.0355159	-0.00325621	-0.129852	0.0400303	-0.0849062	0.164898	0.0567767	0.049803	-0.212294	0.026122	-0.0134712	0.128596	0.00816649	0.00654424	0.0640895	-0.0334832	-0.0346987	0.103276	-0.00530547	-0.0546941	-0.0518363	0.244555	-0.0408168	-0.137143	-0.0404079	0.153882	-0.1099	0.0167335	-0.0702284	-0.0289788	0.032244	0.0881703	0.0787751	0.033915	0.0919001	0.0486177	-0.0636774	-0.0518359	-0.0212302	-0.159184	0.251433	-0.0334714	0.134299	-0.0632689	-0.0751041	0.020419	-0.0159164	-0.0248976	-0.0722446	0.105715	0.0702082	-0.0355096	0.0383669	-0.0620419	-0.122461	
-0.0253099	0.0342868	0.075102	-0.144082	0.0338972	-0.081634	-0.0355105	-0.142071	0.0453421	-0.124901	0.0171489	-0.0179594	0.0289877	0.141639	-0.0416461	0.0171433	-0.0130691	0.0200002	-0.0444915	0.0457231	-0.245045	-0.0248987	0.103314	-0.125736	-0.0424667	0.0938956	0.0996367	0.0126548	-0.0747017	0.106538	-0.0759208	-0.00817334	-0.0289797	-0.0314286	0.0498044	0.0649876	0.172734	0.110618	0.0171462	0.253469	0.146136	-0.122449	-0.057163	0.00571526	0.0159195	0.0383699	-0.00285954	-0.128619	0.0420868	-0.0853113	0.165306	0.0588321	0.0502181	-0.211063	0.027347	-0.0138939	0.1241	0.00857184	0.006126	0.0620542	-0.0289862	-0.037553	0.105322	-0.00653063	-0.0518367	-0.0522471	0.24742	-0.0395966	-0.139186	-0.0432653	0.155105	-0.109505	0.019592	-0.0738963	-0.0285716	0.0326562	0.0902084	0.0791839	0.0302274	0.0915033	0.0498321	-0.0657161	-0.0497967	-0.0191854	-0.156328	0.251844	-0.0347027	0.133079	-0.0620489	-0.0787813	0.0200046	-0.0187763	-0.0236792	-0.0734712	0.106123	0.0714306	-0.0342858	0.0363297	-0.0600002	-0.122874	
-0.0269428	0.0359195	0.0742857	-0.144898	0.038798	-0.0800013	-0.0346942	-0.139622	0.0412572	-0.128166	0.0171489	-0.0204084	0.033887	0.135109	-0.0424627	0.0138779	-0.0138859	0.0175512	-0.0461242	0.0440901	-0.242594	-0.0248987	0.10413	-0.124919	-0.0383833	0.0979781	0.0980033	0.0151042	-0.0755181	0.100824	-0.0726554	-0.00653867	-0.0306124	-0.0330612	0.0514373	0.0625353	0.173551	0.111434	0.0171462	0.251837	0.146136	-0.122449	-0.0538966	0.00653173	0.0200015	0.0400027	-0.00204253	-0.127802	0.0404524	-0.0844949	0.167755	0.058015	0.055934	-0.21188	0.0257143	-0.0122593	0.122467	0.00612274	0.0069428	0.0628707	-0.0273532	-0.0400022	0.107771	-0.00734696	-0.0485714	-0.0514308	0.24742	-0.0387802	-0.143267	-0.0457143	0.156737	-0.111139	0.0187757	-0.0738963	-0.0277553	0.0334726	0.0885757	0.0800002	0.0253256	0.0890523	0.0490152	-0.0673488	-0.0514294	-0.0175526	-0.153062	0.255109	-0.0338861	0.131446	-0.0636818	-0.0812305	0.0200046	-0.020409	-0.0220461	-0.0751038	0.106123	0.0730633	-0.0326531	0.0379625	-0.0632656	-0.125324	
-0.0248867	0.0355044	0.0763265	-0.145308	0.0376023	-0.0787818	-0.0359152	-0.137599	0.0408832	-0.130201	0.015901	-0.0199962	0.0334993	0.133892	-0.0404432	0.0110267	-0.0142643	0.0187722	-0.0465399	0.0428484	-0.243033	-0.024497	0.102879	-0.126976	-0.03795	0.0984033	0.0983857	0.0163143	-0.0750974	0.100426	-0.0747033	-0.0053557	-0.031018	-0.0334699	0.0510451	0.0612635	0.173932	0.111034	0.0167209	0.253061	0.145716	-0.121223	-0.0543279	0.0085569	0.0220529	0.0412172	-0.00248655	-0.125737	0.0384499	-0.0848936	0.168163	0.0576445	0.0563628	-0.210638	0.0244913	-0.0151618	0.122044	0.00652243	0.0081385	0.0641135	-0.0277429	-0.039585	0.108194	-0.00938978	-0.0489791	-0.0534797	0.249482	-0.0367527	-0.142864	-0.0453072	0.158773	-0.109953	0.0216369	-0.072652	-0.0265338	0.0347092	0.088159	0.079594	0.0240662	0.0870448	0.0493906	-0.0685669	-0.0526589	-0.0171329	-0.153474	0.255524	-0.0343139	0.129419	-0.064104	-0.0808328	0.0203943	-0.0200089	-0.0216569	-0.0738853	0.106529	0.0742813	-0.034696	0.035933	-0.0620386	-0.124114	
-0.0224074	0.0371231	0.0763265	-0.146127	0.0401117	-0.0747101	-0.0342755	-0.138451	0.0393183	-0.133455	0.0134051	-0.0167229	0.0343568	0.135542	-0.0396706	0.0110387	-0.0158379	0.0171325	-0.0465548	0.0419979	-0.240642	-0.0196119	0.105276	-0.129458	-0.0379	0.0984373	0.097517	0.0146524	-0.074256	0.10208	-0.0755337	-0.00625911	-0.0318294	-0.0326546	0.0486277	0.0579026	0.174696	0.110235	0.0166869	0.25306	0.145692	-0.117137	-0.0502908	0.0101578	0.0228903	0.0420136	-0.00500862	-0.124057	0.0377137	-0.0832418	0.170611	0.0569034	0.0572204	-0.207337	0.0244943	-0.0176978	0.122831	0.00813817	0.00644589	0.0617	-0.0268894	-0.0411997	0.109041	-0.0118428	-0.0465291	-0.0583938	0.250341	-0.0351468	-0.145322	-0.0444928	0.161212	-0.112485	0.0257266	-0.0734295	-0.0249071	0.0339168	0.0897748	0.0755164	0.0207303	0.0846639	0.0493246	-0.0677375	-0.0526689	-0.0154771	-0.154297	0.25717	-0.037619	0.126181	-0.0665813	-0.0808538	0.0219904	-0.0216576	-0.0208783	-0.07553	0.104892	0.0750847	-0.0379653	0.0326904	-0.0620336	-0.12251	
-0.0223674	0.0387371	0.0763265	-0.146947	0.041824	-0.0722744	-0.0318172	-0.135233	0.0394104	-0.13752	0.0100774	-0.0150795	0.0368611	0.136381	-0.042179	0.0135037	-0.0157579	0.0154905	-0.0473912	0.0411361	-0.237455	-0.0179965	0.108472	-0.132766	-0.0370167	0.0984826	0.096631	0.0129809	-0.070957	0.104557	-0.077185	-0.00392187	-0.0318227	-0.0318396	0.0470374	0.0561463	0.175442	0.113523	0.0174581	0.250609	0.144844	-0.115499	-0.046269	0.0117481	0.0245511	0.0395378	-0.00755437	-0.123178	0.0353701	-0.0832165	0.172242	0.0570048	0.057275	-0.203208	0.021233	-0.0202617	0.123607	0.00485005	0.00881761	0.0633809	-0.0301062	-0.0379103	0.109081	-0.0118481	-0.0440788	-0.0633133	0.255296	-0.0311007	-0.148599	-0.0444955	0.166913	-0.115043	0.0273699	-0.0733775	-0.0240988	0.0347652	0.0889357	0.0730727	0.0173718	0.0855742	0.0525042	-0.0660875	-0.0502332	-0.0162628	-0.155939	0.253105	-0.0393041	0.126218	-0.0682515	-0.079249	0.020308	-0.0224953	-0.0192959	-0.0812604	0.0999889	0.0750673	-0.0379706	0.0310883	-0.0620269	-0.11765	
-0.0244135	0.0358822	0.0767347	-0.145723	0.0430394	-0.0726809	-0.0297775	-0.133186	0.0389904	-0.138747	0.00967671	-0.0138564	0.0372626	0.134337	-0.0433966	0.0114608	-0.0161763	0.0118182	-0.0502459	0.04155	-0.237854	-0.0159535	0.109706	-0.136435	-0.0366167	0.0980687	0.0978647	0.0158433	-0.0689201	0.104962	-0.0759582	-0.00104685	-0.0289664	-0.0330639	0.0466239	0.0565702	0.179943	0.116377	0.017872	0.246936	0.145256	-0.113459	-0.0442198	0.0113452	0.0225066	0.0407657	-0.0104021	-0.120327	0.0357652	-0.0828115	0.173467	0.0590349	0.0568599	-0.201172	0.0208244	-0.0214736	0.121571	0.00117923	0.0108694	0.0613337	-0.0329701	-0.0358723	0.109484	-0.0130719	-0.0428545	-0.0653516	0.25733	-0.0306879	-0.149006	-0.046536	0.167323	-0.113804	0.0285931	-0.077875	-0.0245059	0.0335366	0.0893467	0.0702149	0.0145238	0.0843371	0.049656	-0.0689469	-0.0490071	-0.0166749	-0.157979	0.251878	-0.0380728	0.125805	-0.0670222	-0.0804701	0.0182729	-0.0229008	-0.0196979	-0.0857483	0.0987651	0.0746613	-0.0383781	0.0306763	-0.0608033	-0.118053	
-0.0252499	0.0367079	0.0734694	-0.143272	0.0421832	-0.0734906	-0.0305985	-0.129896	0.0381274	-0.140388	0.00562431	-0.0105964	0.0405015	0.137592	-0.0441838	0.0122692	-0.0178499	0.00937384	-0.0535014	0.0432057	-0.237814	-0.0143121	0.108108	-0.13723	-0.0382833	0.099679	0.0970826	0.0174955	-0.0697532	0.107397	-0.0775815	0.00146253	-0.0257044	-0.0314306	0.0482355	0.0517262	0.181612	0.113917	0.0162617	0.24612	0.144456	-0.113462	-0.0433726	0.0113665	0.0216762	0.0415954	-0.0136228	-0.118725	0.0340767	-0.0885388	0.173467	0.0606184	0.0609154	-0.197113	0.0216387	-0.0214176	0.116692	-0.00125854	0.0117256	0.0588602	-0.0346278	-0.0334352	0.109464	-0.0122529	-0.0387735	-0.0637082	0.258119	-0.0314864	-0.150632	-0.0432693	0.169779	-0.115385	0.0302204	-0.0746348	-0.0302163	0.0359698	0.0893581	0.0702123	0.0121183	0.0851074	0.0472493	-0.0673228	-0.0481841	-0.018323	-0.159607	0.252686	-0.042946	0.12497	-0.0678199	-0.0829052	0.014215	-0.0253392	-0.017223	-0.087373	0.0987678	0.0722209	-0.0408244	0.0306609	-0.0608066	-0.117217	
-0.0252399	0.0375196	0.0726531	-0.142456	0.0430197	-0.0718613	-0.0281472	-0.129091	0.0365164	-0.142016	0.0015259	-0.0122264	0.0413317	0.136781	-0.0450151	0.0147222	-0.0170131	0.00692251	-0.0535064	0.0448273	-0.237017	-0.0126837	0.106457	-0.138057	-0.0407167	0.0996903	0.097882	0.0150365	-0.0730105	0.105771	-0.0767699	0.00388584	-0.0265191	-0.0281656	0.0498791	0.0476085	0.181594	0.114739	0.0154339	0.243671	0.142815	-0.112644	-0.0417547	0.0121723	0.0216832	0.0432215	-0.0160975	-0.11871	0.0324693	-0.0877161	0.175916	0.0614609	0.0625621	-0.198734	0.0265376	-0.0206283	0.114233	-0.00289693	0.00925551	0.0564227	-0.0378815	-0.0334292	0.111923	-0.00980527	-0.0363242	-0.0637135	0.258133	-0.0306789	-0.153084	-0.040821	0.173041	-0.115412	0.0318557	-0.0746218	-0.0318509	0.0351614	0.0860869	0.066132	0.00801084	0.0859477	0.0472273	-0.0689512	-0.0465547	-0.0207645	-0.159609	0.251874	-0.0445921	0.12498	-0.0686457	-0.0820958	0.0125696	-0.0237118	-0.0156026	-0.0906424	0.0987664	0.0714003	-0.0416421	0.0306686	-0.0599886	-0.120493	
-0.0252499	0.0358916	0.0710204	-0.144088	0.0438168	-0.0710416	-0.0297822	-0.129896	0.0381274	-0.141204	-0.00254184	-0.0114127	0.041318	0.137592	-0.0441838	0.0155346	-0.0194836	0.00692484	-0.0559505	0.0423892	-0.235363	-0.0134958	0.106474	-0.140496	-0.0391	0.102128	0.098716	0.0134133	-0.0738353	0.104948	-0.0759488	0.00391453	-0.0257044	-0.0257163	0.0515013	0.0443691	0.179978	0.11555	0.0138122	0.245304	0.140374	-0.111013	-0.0401061	0.012183	0.0200435	0.0440446	-0.0160738	-0.120358	0.0316251	-0.086906	0.175916	0.0614355	0.063365	-0.19793	0.0257203	-0.0222349	0.111794	-0.0020749	0.0109088	0.0564107	-0.0403434	-0.0326188	0.111913	-0.00817128	-0.0346919	-0.06779	0.258936	-0.0314864	-0.152265	-0.0408204	0.174677	-0.115385	0.0318531	-0.0762679	-0.0310326	0.034337	0.0852762	0.066947	0.0063996	0.0867414	0.0456154	-0.0697719	-0.045735	-0.022405	-0.160423	0.251053	-0.0453956	0.124154	-0.0670035	-0.0820888	0.00931591	-0.0228901	-0.0147734	-0.0906384	0.0995841	0.0697719	-0.0416408	0.0298445	-0.0624392	-0.120483	
-0.0268928	0.0358962	0.0718367	-0.14572	0.0462476	-0.0685892	-0.0273355	-0.126618	0.0405553	-0.142841	-0.00579296	-0.013048	0.0429375	0.13677	-0.0441692	0.018796	-0.0227708	0.00937617	-0.0551291	0.0407675	-0.234526	-0.0151241	0.105675	-0.144568	-0.0391167	0.0996677	0.0995501	0.0117901	-0.0754764	0.104124	-0.0792096	0.00802989	-0.0248897	-0.025716	0.0506742	0.0394947	0.177546	0.114728	0.0130071	0.246121	0.135483	-0.109381	-0.0400908	0.0105607	0.0208528	0.045684	-0.0168671	-0.119558	0.0283292	-0.0901779	0.176733	0.059776	0.0649845	-0.197941	0.027352	-0.0230241	0.111804	-0.00370197	0.0125621	0.0572152	-0.0403557	-0.0342576	0.113536	-0.00490464	-0.0346922	-0.0677846	0.260555	-0.0331102	-0.152262	-0.0383707	0.177129	-0.112907	0.0326667	-0.0762809	-0.0334796	0.0351454	0.0828328	0.0677619	0.00315445	0.085084	0.0464544	-0.0705926	-0.0432827	-0.0240454	-0.161237	0.251049	-0.0470157	0.122512	-0.0637284	-0.0820818	0.00606219	-0.0220684	-0.0114946	-0.0906344	0.102851	0.0689599	-0.0449047	0.0314697	-0.0616246	-0.11884	
-0.0268828	0.0334425	0.0710204	-0.149802	0.0503512	-0.0669599	-0.0305985	-0.121731	0.0438462	-0.144469	-0.0115246	-0.0130454	0.0421346	0.140857	-0.0466336	0.0196163	-0.0301022	0.0085575	-0.0567668	0.0407562	-0.234546	-0.0143121	0.107291	-0.146211	-0.0342	0.0964131	0.098716	0.0101475	-0.0754681	0.101682	-0.0800306	0.00718386	-0.0208064	-0.0273489	0.0515013	0.0329247	0.179162	0.113917	0.00972982	0.244488	0.13221	-0.107747	-0.0409227	0.0129995	0.0224926	0.0464937	-0.0144398	-0.121175	0.0259045	-0.0942534	0.176733	0.0589842	0.0649981	-0.196297	0.0306183	-0.0222349	0.109344	-0.004524	0.0133592	0.0580437	-0.0403434	-0.0334352	0.113546	-0.00408964	-0.0338756	-0.0653409	0.259752	-0.0323028	-0.153898	-0.0359224	0.177126	-0.109665	0.0326694	-0.0787175	-0.0310326	0.0318878	0.0811944	0.0710286	-0.00340387	0.0851074	0.0407139	-0.0705882	-0.043286	-0.0273034	-0.160423	0.253503	-0.0486617	0.123337	-0.0645542	-0.0861708	0.00604986	-0.0245228	-0.00579165	-0.0963528	0.102033	0.0648738	-0.0440897	0.0331101	-0.0632556	-0.114768	
-0.023587	0.0350612	0.0702041	-0.150621	0.0479598	-0.0653372	-0.0354895	-0.118501	0.0455492	-0.14609	-0.0148371	-0.0130374	0.0454418	0.147405	-0.045861	0.0196283	-0.030859	0.00936684	-0.0567818	0.0407222	-0.23379	-0.0151415	0.108055	-0.146243	-0.0357833	0.0988965	0.100297	0.00848565	-0.0762595	0.100887	-0.0816773	0.0103671	-0.0191688	-0.0297989	0.0547992	0.0295638	0.177475	0.115567	0.00806286	0.245303	0.130553	-0.103662	-0.0385189	0.0154169	0.0225136	0.044841	-0.0177789	-0.125211	0.0243511	-0.0917853	0.178364	0.057426	0.0609563	-0.194629	0.0322539	-0.0255881	0.104415	-0.00780646	0.0116666	0.0588962	-0.0435725	-0.0309681	0.113576	-0.00327731	-0.0338746	-0.0661733	0.26306	-0.0306969	-0.15309	-0.0326591	0.178749	-0.111379	0.0326774	-0.0819446	-0.0294059	0.0270133	0.0803611	0.0669509	-0.00673972	0.0835434	0.0390141	-0.0705752	-0.0424797	-0.0272804	-0.159614	0.251883	-0.0487007	0.121733	-0.0596836	-0.084559	0.00601287	-0.0269879	-0.00256355	-0.0971812	0.102845	0.0648608	-0.0424611	0.0347659	-0.0665159	-0.113164	
-0.0231738	0.0322016	0.0657143	-0.148581	0.0459277	-0.0665634	-0.0383455	-0.119732	0.0484201	-0.146496	-0.0177029	-0.0109952	0.0483066	0.147816	-0.0446435	0.0200385	-0.0304406	0.00650851	-0.0539271	0.0411248	-0.236658	-0.0131027	0.110088	-0.144208	-0.0361833	0.100127	0.0998804	0.0080726	-0.0799292	0.101298	-0.0829042	0.0123961	-0.0187598	-0.0310236	0.0560292	0.0266875	0.177058	0.113529	0.00438302	0.245711	0.129324	-0.102437	-0.0348518	0.0133704	0.0237417	0.0427967	-0.0165652	-0.128878	0.0255905	-0.0905575	0.178772	0.056213	0.0605549	-0.192582	0.0318463	-0.0260108	0.102369	-0.0098502	0.0120651	0.0584939	-0.0423415	-0.0281078	0.113173	-0.0053188	-0.0367315	-0.0657677	0.261026	-0.0294768	-0.154316	-0.0347002	0.180788	-0.112618	0.0347196	-0.0815299	-0.0289988	0.0257927	0.0832155	0.0624618	-0.00879345	0.0855976	0.0402284	-0.072614	-0.0404405	-0.0252355	-0.158391	0.251477	-0.048299	0.119696	-0.0576472	-0.0890526	0.00233239	-0.0265824	-0.00216162	-0.0984077	0.102437	0.0652668	-0.0436862	0.0351779	-0.0693722	-0.112761	
-0.0239803	0.0289316	0.0657143	-0.152664	0.0459473	-0.0665667	-0.0424248	-0.12056	0.0468091	-0.149758	-0.0193514	-0.00935987	0.0442375	0.147822	-0.0471079	0.0184098	-0.0296038	0.00568984	-0.0531157	0.038664	-0.235045	-0.00984168	0.11252	-0.145035	-0.0345333	0.103404	0.0965963	0.00806294	-0.0815537	0.0988562	-0.0812761	0.0148194	-0.0195744	-0.0318402	0.0560399	0.0242048	0.176224	0.115167	0.00600465	0.242446	0.127683	-0.0999863	-0.0348671	0.0149926	0.0245651	0.0403409	-0.0157718	-0.130496	0.0256175	-0.0930003	0.176323	0.0554213	0.0613851	-0.191753	0.0318473	-0.0244042	0.101543	-0.0114886	0.0104119	0.0576894	-0.0431457	-0.0289182	0.114816	-0.00695279	-0.0375475	-0.0641403	0.26104	-0.0270365	-0.155136	-0.0379662	0.179968	-0.116731	0.0347222	-0.0831499	-0.0298171	0.0274335	0.0815771	0.0575652	-0.011267	0.0848039	0.0361218	-0.0791404	-0.0412602	-0.0260443	-0.157577	0.250665	-0.049945	0.11644	-0.0625551	-0.0915088	-0.000945988	-0.0265877	0.00190833	-0.102493	0.103252	0.0644461	-0.0428713	0.0351856	-0.0701869	-0.11277	
-0.0268228	0.0301491	0.0628571	-0.15389	0.0463853	-0.0653472	-0.0411968	-0.11772	0.0497031	-0.152609	-0.0238658	-0.00649869	0.0414	0.146606	-0.0483548	0.0163749	-0.0316158	0.00609451	-0.0518987	0.0357893	-0.233033	-0.0127054	0.112902	-0.145459	-0.0292	0.103829	0.0937119	0.00682378	-0.081133	0.100091	-0.0767932	0.0168197	-0.0191638	-0.0346979	0.0572806	0.0221156	0.178239	0.114767	0.00802887	0.24367	0.12563	-0.0979435	-0.036115	0.0162013	0.0249838	0.0374736	-0.0178499	-0.128431	0.0252494	-0.0942154	0.175914	0.0566849	0.0601808	-0.189695	0.0330733	-0.022403	0.100303	-0.0110889	0.00670676	0.0605652	-0.0419024	-0.0252355	0.115239	-0.00409764	-0.0371389	-0.0645565	0.25902	-0.0266418	-0.154732	-0.0351101	0.186086	-0.116362	0.0318691	-0.0835387	-0.0310446	0.0294865	0.0811604	0.057159	-0.0133434	0.0844304	0.0340465	-0.0828075	-0.0375916	-0.0231754	-0.159621	0.249447	-0.0503728	0.117678	-0.0662431	-0.0943766	-0.00382228	-0.0278203	-0.000151973	-0.10454	0.103658	0.0664805	-0.0440977	0.0388709	-0.0714089	-0.112377	
-0.0280425	0.0289222	0.0616327	-0.155115	0.0468035	-0.063308	-0.0391548	-0.116502	0.05094	-0.151382	-0.0250984	-0.00445652	0.0426317	0.144568	-0.0455041	0.0184178	-0.032831	0.00976684	-0.0506766	0.032926	-0.233451	-0.0131157	0.112485	-0.14424	-0.0247	0.105876	0.0949282	0.00559429	-0.0799042	0.100503	-0.0747546	0.0204834	-0.0171221	-0.0342899	0.0560612	0.0208743	0.178638	0.113546	0.00679848	0.243261	0.126035	-0.0967183	-0.0348978	0.0166042	0.0245791	0.0378784	-0.0158192	-0.130465	0.0248543	-0.0946204	0.176322	0.0562891	0.0589628	-0.192547	0.028584	-0.0244602	0.0990736	-0.0114999	0.00628853	0.0601629	-0.0406715	-0.0231916	0.117285	-0.00369014	-0.0383632	-0.0633346	0.256985	-0.0254217	-0.154325	-0.0347022	0.186492	-0.119236	0.0290132	-0.0855735	-0.0306374	0.0282659	0.0840149	0.0583842	-0.0162141	0.0840336	0.0328101	-0.0832135	-0.0380015	-0.0227634	-0.159214	0.25149	-0.049971	0.120541	-0.0650231	-0.0964211	-0.0042367	-0.0265984	0.00351605	-0.10495	0.102433	0.0685192	-0.0436902	0.0392829	-0.0701835	-0.11034	
-0.0276593	0.0285257	0.0612245	-0.154704	0.0463459	-0.0612588	-0.0379362	-0.116063	0.050474	-0.149351	-0.026285	-0.00323869	0.0413727	0.144145	-0.0434259	0.0179996	-0.0332894	0.0118135	-0.0494396	0.032546	-0.232176	-0.0118804	0.113754	-0.146254	-0.02515	0.107073	0.0945632	0.00684311	-0.0811496	0.100077	-0.0759675	0.0217811	-0.0167181	-0.0346972	0.0539934	0.0205415	0.178274	0.111491	0.00886801	0.245303	0.126463	-0.0963135	-0.0344511	0.0170391	0.0241534	0.0358541	-0.0161685	-0.130912	0.0260126	-0.0958608	0.176731	0.0558171	0.0585203	-0.192984	0.027357	-0.0239815	0.0995068	-0.011894	0.0067461	0.0605412	-0.0394776	-0.021982	0.116852	-0.00409497	-0.0395885	-0.0637295	0.257358	-0.0266238	-0.15391	-0.0334761	0.188541	-0.120395	0.0277821	-0.0860143	-0.0302243	0.0286541	0.0844372	0.0579727	-0.0165659	0.0835668	0.0324567	-0.0836325	-0.0384013	-0.0223743	-0.157984	0.250254	-0.0495303	0.120109	-0.0662244	-0.0968118	-0.00461413	-0.0269932	0.00395597	-0.105349	0.10366	0.0689382	-0.0424624	0.039672	-0.0714122	-0.109092	
-0.0272761	0.0264965	0.0608163	-0.154293	0.0458883	-0.060026	-0.0383502	-0.117258	0.051642	-0.148953	-0.0258383	-0.00365352	0.0433799	0.143723	-0.0437975	0.0183978	-0.0345647	0.0122275	-0.0482026	0.0329826	-0.232534	-0.0122777	0.11339	-0.145003	-0.0247833	0.105003	0.0933815	0.00482617	-0.0823951	0.0996516	-0.0771804	0.0238962	-0.0163141	-0.0342882	0.052742	0.0202086	0.179543	0.111885	0.00767161	0.245712	0.127707	-0.096725	-0.0331879	0.017474	0.0237277	0.036279	-0.0157008	-0.130543	0.0263537	-0.0954685	0.176324	0.0561623	0.059711	-0.193421	0.02613	-0.0243201	0.0983071	-0.0131043	0.00720368	0.0609194	-0.0407332	-0.0207725	0.116419	-0.00368348	-0.0408138	-0.0624916	0.256915	-0.0261931	-0.152678	-0.0330662	0.189774	-0.122371	0.0273672	-0.0864551	-0.0289948	0.0274095	0.0848596	0.0591938	-0.0185516	0.0830999	0.0337371	-0.0832352	-0.0371685	-0.0211689	-0.155937	0.250652	-0.049906	0.120494	-0.0666093	-0.0980189	-0.00417505	-0.0273881	0.00357937	-0.105747	0.103256	0.0685409	-0.0428673	0.040061	-0.0710082	-0.108659	
-0.0268628	0.026086	0.0604082	-0.153886	0.0463066	-0.0596195	-0.0387572	-0.117672	0.051245	-0.149359	-0.0254377	-0.00324402	0.043795	0.143318	-0.0433966	0.0179916	-0.0349631	0.0126345	-0.0486132	0.0325687	-0.232953	-0.0126881	0.11379	-0.1446	-0.0251833	0.104601	0.0929645	0.00522955	-0.0827991	0.0992469	-0.0775909	0.0242905	-0.0159051	-0.0346965	0.0523391	0.0197847	0.179943	0.112296	0.00807419	0.24612	0.127295	-0.0963161	-0.0327872	0.0178769	0.0241394	0.0358674	-0.0161212	-0.130127	0.0259586	-0.0950571	0.176732	0.0565836	0.0593096	-0.193824	0.0265386	-0.0239255	0.0978939	-0.0135154	0.00760224	0.0605172	-0.0403187	-0.0203613	0.116832	-0.00409231	-0.0412218	-0.0629025	0.256514	-0.0266058	-0.153087	-0.0334747	0.190181	-0.121976	0.0277767	-0.0860403	-0.0294039	0.0270053	0.0852649	0.0587863	-0.0181544	0.0835201	0.0341346	-0.0836412	-0.0375783	-0.0207568	-0.15553	0.250246	-0.0503208	0.12009	-0.0670222	-0.0976142	-0.00377296	-0.0277989	0.00316478	-0.105341	0.102847	0.0689469	-0.0432761	0.040473	-0.0714155	-0.108256	
-0.0280825	0.0240428	0.0591837	-0.154294	0.0483584	-0.0583966	-0.0424295	-0.116454	0.051665	-0.149766	-0.0266703	-0.00528352	0.0450267	0.142912	-0.0446288	0.0192181	-0.0353615	0.0122252	-0.0490239	0.0313383	-0.234188	-0.0130984	0.115006	-0.14338	-0.0255833	0.104198	0.0933642	0.00644938	-0.084836	0.0972095	-0.0780014	0.0263195	-0.0163124	-0.0334722	0.0543856	0.0169085	0.180342	0.110258	0.0068438	0.247344	0.128516	-0.09754	-0.0307534	0.0190963	0.0253675	0.0338232	-0.0173585	-0.127261	0.0255635	-0.0979113	0.176324	0.0570048	0.0597247	-0.191777	0.0269473	-0.0227136	0.0982971	-0.0147427	0.00800081	0.0601149	-0.0390878	-0.0191337	0.115613	-0.00613379	-0.0440788	-0.064946	0.258562	-0.0262021	-0.152681	-0.0355159	0.19222	-0.120763	0.0265536	-0.084809	-0.0289968	0.0257847	0.0840375	0.0600115	-0.0193912	0.0823063	0.0320813	-0.0856799	-0.0371718	-0.0195284	-0.154307	0.247391	-0.0507356	0.12132	-0.0698843	-0.0988422	-0.00500389	-0.0282098	0.00438323	-0.105751	0.0999889	0.0685365	-0.0436849	0.0384359	-0.0726392	-0.105403	
-0.0268728	0.0228252	0.0579592	-0.155517	0.0487373	-0.0571671	-0.0444738	-0.114394	0.0520389	-0.148547	-0.0278722	-0.00569569	0.0445979	0.140863	-0.0441985	0.0188039	-0.0382503	0.0118205	-0.0494246	0.0301306	-0.235383	-0.0118674	0.114624	-0.146222	-0.0252	0.104589	0.0962486	0.00850498	-0.0844403	0.0976072	-0.0784026	0.0243192	-0.0159068	-0.0330636	0.0555943	0.0181802	0.179144	0.108208	0.00726904	0.249385	0.128936	-0.0979501	-0.0295054	0.0195205	0.0241324	0.0350577	-0.0152805	-0.127692	0.0242971	-0.0983289	0.1751	0.0590096	0.060929	-0.189753	0.0265376	-0.0247148	0.0954545	-0.0135097	0.00762191	0.0605052	-0.038698	-0.0195509	0.113556	-0.00735629	-0.0436711	-0.0653462	0.25895	-0.0274132	-0.152268	-0.0351067	0.193449	-0.120315	0.0285904	-0.0860533	-0.0269529	0.0237317	0.0836378	0.0596013	-0.0205826	0.0834967	0.0325227	-0.0852782	-0.037575	-0.0215809	-0.152262	0.246976	-0.0511243	0.121714	-0.0694621	-0.101689	-0.00621016	-0.0294263	0.00644353	-0.103704	0.102848	0.0681349	-0.0440911	0.0371998	-0.0714172	-0.10498	
-0.0264696	0.0232357	0.057551	-0.154292	0.0475023	-0.0551246	-0.0448832	-0.112347	0.051619	-0.147324	-0.0290895	-0.00773786	0.0458159	0.139635	-0.0445995	0.0183938	-0.0403024	0.0105972	-0.0490139	0.029728	-0.235782	-0.0122734	0.115858	-0.144992	-0.0264333	0.104992	0.0974823	0.00973448	-0.0856691	0.0988283	-0.0796248	0.0239249	-0.0146831	-0.0334716	0.0559972	0.0186041	0.180378	0.108613	0.00849943	0.247345	0.129348	-0.0983589	-0.0290895	0.0199341	0.0237207	0.0338365	-0.0148601	-0.128109	0.0255094	-0.0995567	0.176324	0.0594054	0.0613305	-0.188534	0.0269453	-0.026744	0.0958678	-0.0155478	0.00885695	0.0600909	-0.0382959	-0.0207785	0.112327	-0.00776379	-0.0440795	-0.0649354	0.259351	-0.027817	-0.151042	-0.0346982	0.193043	-0.121527	0.0289972	-0.0872846	-0.0265438	0.0225031	0.0832325	0.0600088	-0.0209798	0.0830766	0.0313084	-0.0848722	-0.0371651	-0.0219929	-0.152669	0.246566	-0.0523426	0.122117	-0.0682328	-0.102094	-0.00497923	-0.0314646	0.00685813	-0.10411	0.103257	0.0677289	-0.0444986	0.0367877	-0.0726425	-0.105384	
-0.0252299	0.0228206	0.0595918	-0.152253	0.048757	-0.0547214	-0.0452878	-0.110324	0.0528789	-0.146094	-0.0278875	-0.0097747	0.0446116	0.138419	-0.0466629	0.0179916	-0.0414976	0.0118182	-0.0477969	0.0276698	-0.237854	-0.0118717	0.117056	-0.143783	-0.026	0.105417	0.097048	0.0125775	-0.0836155	0.100063	-0.0792236	0.0210212	-0.0159051	-0.0346965	0.0580544	0.0197847	0.182393	0.10903	0.00725771	0.246936	0.129744	-0.0979488	-0.0278875	0.0203263	0.0249558	0.0350511	-0.0161212	-0.130127	0.0267758	-0.099139	0.174283	0.0582178	0.0633923	-0.187292	0.027355	-0.0263774	0.0954445	-0.0167808	0.00923584	0.0613337	-0.0370527	-0.0203613	0.114383	-0.00980661	-0.0436708	-0.0653516	0.258964	-0.0266058	-0.149006	-0.0334747	0.194262	-0.121159	0.0294094	-0.0884899	-0.0261386	0.0212905	0.0819994	0.060419	-0.0230562	0.0827031	0.0333176	-0.0844575	-0.0383946	-0.0223896	-0.150632	0.246164	-0.0527704	0.121723	-0.0670222	-0.104145	-0.00540598	-0.0318807	0.00888044	-0.103708	0.104479	0.0673142	-0.0440924	0.0355746	-0.0754972	-0.106623	
-0.023597	0.0252696	0.0604082	-0.152253	0.0463066	-0.0498234	-0.0436552	-0.107874	0.049611	-0.146094	-0.0295208	-0.0097747	0.043795	0.13597	-0.0491127	0.0188079	-0.0463985	0.0126345	-0.0469805	0.0252204	-0.23622	-0.0126881	0.117873	-0.1446	-0.0268167	0.10705	0.097048	0.0142104	-0.0860648	0.103329	-0.0816726	0.0210212	-0.0175378	-0.0330639	0.0596873	0.0189673	0.181576	0.110663	0.00807419	0.246936	0.127295	-0.0954998	-0.0278875	0.0219593	0.0241394	0.0326019	-0.0161212	-0.130943	0.0259586	-0.0999554	0.173467	0.0549493	0.0650255	-0.189741	0.029804	-0.0263774	0.0946281	-0.0200463	0.00760224	0.0645997	-0.0362362	-0.0195449	0.115199	-0.0106229	-0.0444871	-0.0653516	0.260597	-0.0274222	-0.14574	-0.0326584	0.194262	-0.118707	0.0302257	-0.0868568	-0.0269549	0.0172085	0.0852649	0.060419	-0.0238731	0.0827031	0.0333176	-0.0844575	-0.036762	-0.0256552	-0.149816	0.247797	-0.0560365	0.120907	-0.0670222	-0.104962	-0.00703901	-0.0351462	0.0105135	-0.103708	0.104479	0.0656815	-0.0432761	0.0347582	-0.0746809	-0.10499	
-0.0223674	0.0256755	0.0591837	-0.152662	0.045908	-0.0510496	-0.0440622	-0.106656	0.049214	-0.144867	-0.03157	-0.0093652	0.0433936	0.133932	-0.0487118	0.0192181	-0.0484305	0.0114088	-0.0465748	0.0264394	-0.235822	-0.0139148	0.116639	-0.14338	-0.0280333	0.107464	0.0982643	0.0162467	-0.0864688	0.103741	-0.0812668	0.0214155	-0.0187614	-0.0334722	0.0601009	0.0185434	0.182793	0.110258	0.0068438	0.24816	0.12525	-0.095091	-0.0299368	0.0215457	0.0253675	0.0330068	-0.0173585	-0.130527	0.0247462	-0.0987276	0.173875	0.0537363	0.064624	-0.190144	0.031029	-0.0276173	0.0942149	-0.0212737	0.00800081	0.0658305	-0.0350052	-0.0199501	0.115613	-0.00939911	-0.0440788	-0.0641297	0.261829	-0.0270185	-0.146966	-0.0330669	0.195485	-0.118312	0.0306352	-0.0864421	-0.0273641	0.0168043	0.0840375	0.0608278	-0.0251099	0.0831232	0.0337151	-0.0840472	-0.0363555	-0.026876	-0.149409	0.247391	-0.0556348	0.120503	-0.0666186	-0.10619	-0.00663692	-0.035557	0.0100989	-0.103302	0.105703	0.0644548	-0.0428686	0.0343539	-0.0742719	-0.10377	
-0.0215609	0.0256801	0.06	-0.153477	0.0442547	-0.0502299	-0.0432482	-0.105827	0.0483741	-0.144055	-0.0331879	-0.00936786	0.0409302	0.133926	-0.0486971	0.0192141	-0.0484505	0.0105948	-0.0465698	0.0256343	-0.234985	-0.0130941	0.117474	-0.14337	-0.02805	0.108269	0.097465	0.0162563	-0.0872936	0.10455	-0.0796294	0.0206268	-0.0212121	-0.0334719	0.0617231	0.0202086	0.18036	0.111068	0.0084881	0.247344	0.124442	-0.0934596	-0.0315546	0.0207399	0.0245441	0.0321971	-0.0197859	-0.12891	0.0247192	-0.098734	0.175508	0.053711	0.0637938	-0.189339	0.0318443	-0.0275893	0.0950413	-0.021268	0.00720368	0.0658185	-0.0350176	-0.0199561	0.116419	-0.00858145	-0.0440791	-0.0649407	0.263448	-0.0253767	-0.146963	-0.0322499	0.195488	-0.115834	0.0322652	-0.0864551	-0.0273621	0.0151635	0.0824105	0.0624591	-0.0250872	0.0822829	0.0312863	-0.0832352	-0.0363521	-0.0277001	-0.151039	0.248203	-0.0580714	0.122127	-0.0682421	-0.106999	-0.00907412	-0.0363681	0.00847851	-0.102481	0.105705	0.0628264	-0.0436836	0.0343462	-0.0759062	-0.104577	
-0.019938	0.0232357	0.0616327	-0.154292	0.0442351	-0.0477776	-0.0440668	-0.104182	0.0475341	-0.144875	-0.0348058	-0.0101869	0.0401	0.132288	-0.0478658	0.0183938	-0.0484706	0.00978084	-0.0465648	0.0272786	-0.237415	-0.0139061	0.117491	-0.141726	-0.0288833	0.105808	0.0966656	0.0178989	-0.0881183	0.106992	-0.0796248	0.0190209	-0.0244791	-0.0359205	0.0641619	0.0194215	0.181194	0.108613	0.00931591	0.246528	0.126899	-0.0926446	-0.0315393	0.021567	0.0253535	0.0297546	-0.0205792	-0.130559	0.0246922	-0.0979239	0.174692	0.0553199	0.0629636	-0.187718	0.0342923	-0.0275613	0.0942349	-0.0220787	0.00722335	0.068256	-0.0325804	-0.0183294	0.113143	-0.00939644	-0.0440795	-0.0657517	0.265883	-0.0270005	-0.14696	-0.0289839	0.196308	-0.11499	0.0338952	-0.0856515	-0.0298091	0.0135227	0.0791507	0.0649068	-0.0258815	0.0822596	0.0329422	-0.0816068	-0.0371651	-0.0277077	-0.151853	0.247382	-0.0580584	0.12375	-0.0690493	-0.104543	-0.0115113	-0.0379955	0.00849117	-0.10411	0.10489	0.0603817	-0.0420496	0.0335222	-0.0759079	-0.103751	
-0.019938	0.0240521	0.062449	-0.153476	0.0434183	-0.0461449	-0.0456995	-0.103366	0.0467171	-0.146508	-0.0356224	-0.00937053	0.0392835	0.131472	-0.0486824	0.0183938	-0.0492874	0.00814817	-0.0465648	0.028095	-0.236598	-0.0130897	0.116675	-0.141726	-0.0297	0.106625	0.098299	0.0187153	-0.0881183	0.107809	-0.0812575	0.0198382	-0.0236627	-0.0359205	0.0657948	0.0194215	0.179561	0.108613	0.00931591	0.245712	0.125266	-0.0918283	-0.0315393	0.021567	0.0253535	0.0297546	-0.0222132	-0.130559	0.0263267	-0.0962912	0.173059	0.056137	0.0629636	-0.188534	0.0351086	-0.0275613	0.0950513	-0.0237114	0.00722335	0.068256	-0.0325804	-0.017513	0.113143	-0.00858011	-0.0448958	-0.0665681	0.265883	-0.027817	-0.14696	-0.0281676	0.197124	-0.11499	0.0347116	-0.0856515	-0.0306254	0.0135227	0.0783343	0.0649068	-0.0266985	0.0822596	0.0321253	-0.0807904	-0.0371651	-0.0285241	-0.153486	0.247382	-0.0572418	0.122934	-0.0690493	-0.105359	-0.0123278	-0.0379955	0.00849117	-0.10411	0.106522	0.0603817	-0.0412333	0.035155	-0.0767242	-0.102934	
-0.0166622	0.020782	0.0616327	-0.153477	0.0409875	-0.0461482	-0.0465135	-0.104194	0.049191	-0.144055	-0.0348211	-0.00936786	0.0368475	0.135559	-0.0486971	0.0200305	-0.0525346	0.00732951	-0.0490189	0.0305332	-0.239069	-0.0114614	0.11584	-0.142553	-0.0321333	0.10582	0.0990984	0.0187057	-0.0856607	0.106999	-0.0837112	0.0206268	-0.0203958	-0.0367372	0.0698878	0.0202086	0.17546	0.106986	0.00930458	0.243263	0.125258	-0.0901943	-0.030738	0.0215564	0.0261769	0.0264824	-0.0238709	-0.132176	0.023902	-0.0954685	0.173059	0.0561623	0.059711	-0.188522	0.0359259	-0.0292239	0.0917755	-0.0229007	0.00638688	0.068268	-0.0317515	-0.0191397	0.11152	-0.00694879	-0.0448955	-0.0682062	0.265081	-0.0270095	-0.148596	-0.0298009	0.197937	-0.112565	0.0379796	-0.0880881	-0.0306274	0.00944864	0.0783286	0.0649081	-0.028355	0.0806489	0.0321033	-0.0791534	-0.0355358	-0.0285165	-0.155937	0.245754	-0.0580714	0.125392	-0.069875	-0.106999	-0.0107071	-0.0380008	0.00847851	-0.10493	0.110603	0.0628264	-0.0404183	0.035979	-0.0775388	-0.100495	
-0.0150493	0.0183423	0.0616327	-0.154291	0.0433986	-0.0445089	-0.0497835	-0.100904	0.0540469	-0.144879	-0.0364237	-0.00937319	0.0343705	0.137997	-0.0511175	0.0224715	-0.0501242	0.0081505	-0.0490089	0.0346382	-0.236578	-0.0114527	0.119142	-0.139266	-0.0321667	0.103348	0.096683	0.0195414	-0.0897595	0.106985	-0.0820692	0.0231362	-0.0203991	-0.0375529	0.0739488	0.0194519	0.172228	0.106975	0.0117767	0.245712	0.121192	-0.0893807	-0.0290741	0.02566	0.028612	0.024863	-0.0221896	-0.133024	0.0262996	-0.0938484	0.173876	0.0577459	0.0605002	-0.188546	0.0400056	-0.0299851	0.0909791	-0.0245221	0.00397582	0.0690605	-0.0317762	-0.017519	0.1115	-0.00776245	-0.0440798	-0.07391	0.265869	-0.027808	-0.14859	-0.0273506	0.20121	-0.109243	0.0404233	-0.0832149	-0.0306234	0.00698343	0.0791563	0.0689871	-0.0299436	0.0822362	0.0313304	-0.0750803	-0.0347128	-0.0244498	-0.158381	0.241663	-0.0613115	0.12864	-0.0690399	-0.104536	-0.0123155	-0.0363574	0.00523774	-0.104106	0.111422	0.0595697	-0.0420483	0.0359637	-0.0791748	-0.0988425	
-0.0126	0.0191586	0.0632653	-0.151026	0.0433986	-0.0436925	-0.0505998	-0.100088	0.0540469	-0.147328	-0.0356071	-0.0118222	0.035187	0.137997	-0.0511175	0.0224715	-0.0501242	0.0057015	-0.051458	0.0338218	-0.237395	-0.0130854	0.119959	-0.13845	-0.03135	0.101715	0.0974996	0.0211743	-0.0930251	0.106985	-0.0820692	0.0231362	-0.0244807	-0.0391855	0.0772147	0.017817	0.169778	0.107791	0.0134097	0.241631	0.119559	-0.087748	-0.0266243	0.0305588	0.0294284	0.0240466	-0.0230066	-0.133024	0.0222135	-0.0938484	0.174692	0.0569287	0.0629499	-0.189362	0.0400056	-0.0308024	0.092612	-0.0237058	0.00315902	0.0674275	-0.0317762	-0.0183354	0.109867	-0.00939511	-0.0465288	-0.0747264	0.265053	-0.0286244	-0.144508	-0.0265343	0.202842	-0.105974	0.0436886	-0.0832149	-0.0330724	0.00453421	0.0775236	0.0714361	-0.0315775	0.0830532	0.0329642	-0.0734476	-0.0330801	-0.0260826	-0.156749	0.241663	-0.0629446	0.129456	-0.0714892	-0.107802	-0.013132	-0.0371738	0.00687079	-0.106555	0.110605	0.060386	-0.0461299	0.0359637	-0.0808075	-0.0996589	
-0.01259	0.019154	0.0657143	-0.15266	0.0401511	-0.0445122	-0.0505975	-0.1001	0.0540699	-0.15059	-0.0380722	-0.0126359	0.0368338	0.13637	-0.0511322	0.0208428	-0.0468369	0.00569917	-0.0539121	0.0346269	-0.239049	-0.0163551	0.121575	-0.13846	-0.0329667	0.101726	0.098299	0.0211646	-0.0962824	0.108625	-0.0788084	0.0231075	-0.0277444	-0.0375532	0.0804912	0.0177866	0.170577	0.110246	0.0125818	0.239998	0.120368	-0.0869303	-0.0266396	0.0297317	0.0310682	0.0215908	-0.0222132	-0.132192	0.0222406	-0.0930257	0.173875	0.0569541	0.0629636	-0.190167	0.0400066	-0.0308304	0.0942349	-0.0245278	0.00395615	0.063357	-0.0309473	-0.0183294	0.105795	-0.0110291	-0.0457121	-0.0747317	0.2667	-0.0270005	-0.141246	-0.024086	0.204472	-0.103549	0.0453239	-0.0815689	-0.0363397	0.00535862	0.0775179	0.0747027	-0.0332341	0.0798086	0.0370268	-0.0718106	-0.0322671	-0.0277077	-0.155118	0.239219	-0.062141	0.130282	-0.0706821	-0.107809	-0.0147774	-0.0371791	0.00685813	-0.10411	0.110604	0.0579327	-0.0502129	0.0359714	-0.0808058	-0.0988522	
-0.0138396	0.0179411	0.0685714	-0.154698	0.0405103	-0.0473611	-0.0534605	-0.0988448	0.0527869	-0.151008	-0.0384422	-0.013867	0.0331251	0.135131	-0.0523204	0.018792	-0.0472953	0.0044805	-0.0543077	0.0350635	-0.241041	-0.0159361	0.121211	-0.135576	-0.0342333	0.100473	0.0963006	0.0207806	-0.0950786	0.106566	-0.0759395	0.0227706	-0.0297894	-0.0355115	0.0800563	0.0174538	0.169396	0.111457	0.0122019	0.239591	0.118347	-0.0873418	-0.0245598	0.030983	0.0298261	0.0211992	-0.0217455	-0.135906	0.0217644	-0.0934497	0.175917	0.0572993	0.0641542	-0.191421	0.0412285	-0.0319863	0.0946681	-0.0232891	0.00196332	0.0629187	-0.0322029	-0.0187525	0.106995	-0.0122503	-0.0428558	-0.0718611	0.266257	-0.0282027	-0.140014	-0.0244925	0.206521	-0.103074	0.0473581	-0.07956	-0.0351102	0.00656323	0.0763075	0.0742912	-0.0335859	0.0793417	0.0334057	-0.0722296	-0.0302179	-0.0273187	-0.155521	0.236351	-0.0649664	0.130667	-0.071067	-0.109016	-0.0176043	-0.0359412	0.00321543	-0.106957	0.112648	0.0559026	-0.0489851	0.0339112	-0.0828508	-0.0976033	
-0.0142529	0.0183516	0.0689796	-0.154289	0.0409089	-0.0494002	-0.0538698	-0.0976141	0.0523669	-0.152235	-0.0380262	-0.0142765	0.03271	0.133087	-0.0527214	0.0175654	-0.0477137	0.00488984	-0.0538971	0.0338444	-0.240622	-0.0163422	0.120811	-0.132713	-0.03465	0.100059	0.098351	0.0228265	-0.0946746	0.106155	-0.0738963	0.0223763	-0.0301984	-0.0351032	0.0788263	0.0178777	0.169814	0.111862	0.0109829	0.23755	0.119575	-0.0853017	-0.025777	0.0322131	0.028598	0.0224272	-0.0205082	-0.138772	0.0205251	-0.093861	0.176325	0.0560609	0.0637391	-0.191019	0.0408199	-0.0291118	0.0934484	-0.0220617	0.00156476	0.0641375	-0.0318008	-0.0191637	0.105765	-0.0134741	-0.0432641	-0.0722666	0.266658	-0.0286064	-0.139604	-0.024084	0.20938	-0.103469	0.0477649	-0.0783417	-0.0338848	0.00615103	0.0759022	0.0746987	-0.0348	0.0805556	0.034642	-0.0742726	-0.0314408	-0.0293635	-0.153479	0.23594	-0.0670012	0.13107	-0.0698377	-0.107788	-0.018823	-0.0363467	0.00363003	-0.108996	0.112241	0.0571293	-0.0493926	0.0326828	-0.0840762	-0.100456	
-0.0134164	0.0175259	0.0706122	-0.152659	0.0401314	-0.0510396	-0.0546815	-0.0976381	0.0532299	-0.153859	-0.0364237	-0.0134549	0.035187	0.132282	-0.0527507	0.0159407	-0.0476737	0.00406884	-0.0547234	0.0346382	-0.242296	-0.0139018	0.119142	-0.132734	-0.0354333	0.0992651	0.0974996	0.0203579	-0.0938415	0.106169	-0.0739056	0.0223189	-0.032644	-0.0375529	0.0788476	0.0186345	0.170595	0.111057	0.0101437	0.239998	0.118743	-0.085299	-0.0233578	0.0338247	0.028612	0.0224138	-0.0205555	-0.139557	0.0213963	-0.0938484	0.176325	0.0569287	0.0653996	-0.190179	0.0400056	-0.0275332	0.0917955	-0.022073	-0.000108184	0.064978	-0.0334092	-0.0207845	0.104969	-0.0142931	-0.0448961	-0.0706446	0.265869	-0.0286244	-0.140427	-0.0249016	0.209373	-0.103522	0.0469539	-0.0783157	-0.0330724	0.00453421	0.0758909	0.0738851	-0.0340284	0.0806022	0.035415	-0.0734476	-0.0306311	-0.0285318	-0.153483	0.236765	-0.0686603	0.130272	-0.0698564	-0.106985	-0.0188476	-0.0339083	0.0036047	-0.108188	0.111422	0.0546716	-0.0485789	0.0318817	-0.0840728	-0.100475	
-0.01259	0.0175213	0.0714286	-0.15266	0.0409679	-0.0510429	-0.0546792	-0.0984666	0.0540699	-0.153039	-0.036439	-0.0134522	0.0360173	0.132288	-0.0543986	0.0151284	-0.0460201	0.00325017	-0.0563611	0.0346269	-0.240682	-0.0130897	0.119941	-0.131929	-0.0362333	0.100093	0.098299	0.0211646	-0.0946496	0.106176	-0.0730939	0.0206555	-0.0334587	-0.0375532	0.0780418	0.0169692	0.170577	0.111063	0.00931591	0.239182	0.119551	-0.083665	-0.0233732	0.0346305	0.028619	0.0224072	-0.0213962	-0.139541	0.0206061	-0.0954748	0.175508	0.0577712	0.0645967	-0.189351	0.0391902	-0.0259267	0.092602	-0.0212623	-0.000944654	0.0641735	-0.0317638	-0.0215948	0.104162	-0.0159271	-0.0457121	-0.0698335	0.265883	-0.0294498	-0.141246	-0.024086	0.210186	-0.103549	0.0477729	-0.0783027	-0.0322581	0.00535862	0.0750688	0.0747027	-0.0332341	0.0806256	0.0362099	-0.0734433	-0.0306344	-0.0277077	-0.155118	0.23677	-0.0686733	0.129465	-0.0706821	-0.107809	-0.0180434	-0.0322809	0.00359203	-0.109008	0.112237	0.0554836	-0.0485802	0.0318894	-0.0840712	-0.0996686	
-0.0113603	0.0171108	0.0726531	-0.152252	0.0397525	-0.0530854	-0.0526372	-0.0980643	0.0528559	-0.153445	-0.0352217	-0.013859	0.0380655	0.131883	-0.0548142	0.0155386	-0.0447849	0.00284084	-0.0584045	0.0366625	-0.241101	-0.0135001	0.119524	-0.130709	-0.0366333	0.0996903	0.097882	0.0207516	-0.0950536	0.104955	-0.0718717	0.0194152	-0.0346824	-0.0371452	0.0792718	0.0165453	0.170977	0.113106	0.00808552	0.238773	0.118323	-0.0840725	-0.0229725	0.0334005	0.0306635	0.022812	-0.0218166	-0.139125	0.020211	-0.0958798	0.1751	0.0581924	0.0658283	-0.188937	0.0404152	-0.0247148	0.0913723	-0.0224897	-0.00299649	0.0645877	-0.0329824	-0.0211837	0.104575	-0.0171522	-0.0469365	-0.0686117	0.266299	-0.0274132	-0.143288	-0.0228618	0.209776	-0.102337	0.0489988	-0.0787045	-0.0318509	0.00577082	0.0738415	0.0742952	-0.032837	0.0802288	0.0374242	-0.073033	-0.0294116	-0.0281121	-0.154711	0.23718	-0.0690881	0.129878	-0.0719114	-0.106587	-0.0176413	-0.0326918	0.00236092	-0.110235	0.111828	0.0542569	-0.0489891	0.0331178	-0.0836622	-0.100082	
-0.0113603	0.0171108	0.0726531	-0.152252	0.0397525	-0.0530854	-0.0526372	-0.0980643	0.0528559	-0.153445	-0.0352217	-0.013859	0.0380655	0.131883	-0.0548142	0.0155386	-0.0447849	0.00284084	-0.0584045	0.0366625	-0.241101	-0.0135001	0.119524	-0.130709	-0.0366333	0.0996903	0.097882	0.0207516	-0.0950536	0.104955	-0.0718717	0.0194152	-0.0346824	-0.0371452	0.0792718	0.0165453	0.170977	0.113106	0.00808552	0.238773	0.118323	-0.0840725	-0.0229725	0.0334005	0.0306635	0.022812	-0.0218166	-0.139125	0.020211	-0.0958798	0.1751	0.0581924	0.0658283	-0.188937	0.0404152	-0.0247148	0.0913723	-0.0224897	-0.00299649	0.0645877	-0.0329824	-0.0211837	0.104575	-0.0171522	-0.0469365	-0.0686117	0.266299	-0.0274132	-0.143288	-0.0228618	0.209776	-0.102337	0.0489988	-0.0787045	-0.0318509	0.00577082	0.0738415	0.0742952	-0.032837	0.0802288	0.0374242	-0.073033	-0.0294116	-0.0281121	-0.154711	0.23718	-0.0690881	0.129878	-0.0719114	-0.106587	-0.0176413	-0.0326918	0.00236092	-0.110235	0.111828	0.0542569	-0.0489891	0.0331178	-0.0836622	-0.100082	
-0.0113603	0.0162944	0.0718367	-0.152252	0.0389357	-0.0539018	-0.0518208	-0.0996973	0.0528559	-0.153445	-0.0344051	-0.0146754	0.0396986	0.131066	-0.0539976	0.0155386	-0.0431512	0.00284084	-0.0575882	0.0374789	-0.241101	-0.0143164	0.118707	-0.130709	-0.0358167	0.100507	0.097882	0.021568	-0.0942372	0.104138	-0.0710554	0.0202325	-0.033866	-0.0371452	0.0800883	0.0157278	0.171794	0.114739	0.00563607	0.238773	0.119139	-0.0824399	-0.0221559	0.0317675	0.0298471	0.022812	-0.0242676	-0.138309	0.0185766	-0.0950634	0.1751	0.0581924	0.0674615	-0.18812	0.0404152	-0.0255321	0.0897394	-0.0233061	-0.00136289	0.0637712	-0.0346155	-0.0203673	0.103759	-0.0155196	-0.0485691	-0.0686117	0.265482	-0.0274132	-0.144105	-0.0228618	0.210592	-0.101519	0.0506314	-0.079521	-0.0310346	0.00413801	0.0722087	0.0742952	-0.0336539	0.0785948	0.0390581	-0.0738493	-0.0277789	-0.0305613	-0.154711	0.238813	-0.0699046	0.129878	-0.0735443	-0.106587	-0.0176413	-0.0326918	0.00399396	-0.111051	0.110195	0.0542569	-0.0498054	0.035567	-0.0836622	-0.0992652	
-0.0109571	0.0158886	0.0714286	-0.15266	0.0393343	-0.0534919	-0.0522302	-0.1001	0.0532529	-0.153855	-0.0339892	-0.0142685	0.0392835	0.130655	-0.0543986	0.0151284	-0.0435697	0.00325017	-0.0579938	0.0378928	-0.241499	-0.0139061	0.118308	-0.131112	-0.0362333	0.100909	0.098299	0.0211646	-0.0938332	0.103727	-0.0706449	0.0206555	-0.0334587	-0.0375532	0.0804912	0.0153343	0.171394	0.115144	0.00604998	0.238365	0.118735	-0.0828487	-0.0225566	0.0321811	0.0294354	0.0224072	-0.0238473	-0.137908	0.0189717	-0.0946584	0.175508	0.0577712	0.0678629	-0.187718	0.0408229	-0.0259267	0.0893362	-0.0237114	-0.000944654	0.063357	-0.0350299	-0.0207785	0.103346	-0.0159271	-0.0489774	-0.0690172	0.265067	-0.0270005	-0.143695	-0.0232697	0.210186	-0.101915	0.0502219	-0.0799358	-0.0306254	0.00454221	0.0718034	0.0747027	-0.0340511	0.0781746	0.0394775	-0.0734433	-0.0281854	-0.0309733	-0.154302	0.239219	-0.0703064	0.130282	-0.0739479	-0.106176	-0.0180434	-0.0322809	0.00359203	-0.111457	0.110604	0.0538509	-0.0502129	0.0359714	-0.0840712	-0.0988522	
-0.0101406	0.0158886	0.0722449	-0.153476	0.0401511	-0.0534919	-0.0514138	-0.100916	0.0532529	-0.154672	-0.0331725	-0.0134522	0.0401	0.129839	-0.053582	0.0151284	-0.0435697	0.00243384	-0.0579938	0.0378928	-0.241499	-0.0139061	0.118308	-0.131112	-0.03705	0.101726	0.0974823	0.0211646	-0.0938332	0.103727	-0.0714612	0.0214729	-0.0326424	-0.0367369	0.0804912	0.0145168	0.171394	0.115144	0.00523349	0.237549	0.117919	-0.0828487	-0.0217399	0.0321811	0.0294354	0.0224072	-0.0230303	-0.137908	0.0181545	-0.093842	0.175508	0.0585883	0.0686795	-0.187718	0.0408229	-0.0259267	0.0893362	-0.0228951	-0.000127854	0.063357	-0.0350299	-0.0215948	0.102529	-0.0159271	-0.0489774	-0.0690172	0.265883	-0.0270005	-0.143695	-0.0224533	0.210186	-0.102732	0.0510383	-0.0799358	-0.0306254	0.00535862	0.070987	0.0747027	-0.0332341	0.0781746	0.0394775	-0.0734433	-0.0281854	-0.0309733	-0.154302	0.238402	-0.0703064	0.131098	-0.0739479	-0.105359	-0.0180434	-0.0330973	0.00359203	-0.112274	0.11142	0.0538509	-0.0502129	0.0367877	-0.0832548	-0.0980357	
-0.0109471	0.0167003	0.0722449	-0.153477	0.0393539	-0.0543116	-0.0505952	-0.100928	0.0524589	-0.155484	-0.0323713	-0.0134495	0.0401137	0.130661	-0.0535966	0.014316	-0.0435497	0.00243151	-0.0579988	0.038698	-0.241519	-0.0147268	0.117474	-0.131123	-0.0370333	0.100921	0.097465	0.021155	-0.0938248	0.103734	-0.0706495	0.0222615	-0.0318244	-0.0367372	0.0813183	0.013669	0.17056	0.11515	0.00440568	0.238365	0.118727	-0.082031	-0.0217553	0.0321704	0.028626	0.0224005	-0.0230539	-0.138709	0.0181815	-0.0930193	0.175508	0.0586137	0.0686931	-0.186889	0.0416402	-0.0251374	0.0885097	-0.0229007	-0.000147524	0.063369	-0.0358341	-0.0224052	0.102539	-0.0151121	-0.0497934	-0.0690225	0.265897	-0.0270095	-0.144514	-0.022454	0.210999	-0.102758	0.0518573	-0.0799228	-0.0306274	0.00536661	0.0709813	0.0738877	-0.0332568	0.077381	0.0394555	-0.073439	-0.0273724	-0.0309657	-0.154304	0.23759	-0.0711359	0.130291	-0.0747736	-0.105366	-0.0188723	-0.0331026	0.00439589	-0.112278	0.110603	0.0546629	-0.0510305	0.0376118	-0.0840695	-0.0972289	
-0.0109471	0.0158839	0.0722449	-0.15511	0.0393539	-0.0551279	-0.0497788	-0.101745	0.051642	-0.155484	-0.0315546	-0.0134495	0.0392971	0.130661	-0.0519634	0.014316	-0.0451833	0.00243151	-0.0588152	0.037065	-0.241519	-0.0155431	0.11584	-0.132756	-0.03785	0.100921	0.0966483	0.021155	-0.0930084	0.10455	-0.0698332	0.0230788	-0.0326407	-0.0359209	0.0813183	0.013669	0.168926	0.116783	0.00277271	0.239181	0.118727	-0.082031	-0.0209387	0.0321704	0.028626	0.0224005	-0.0230539	-0.139526	0.0173643	-0.0913866	0.174691	0.0586137	0.0703262	-0.186073	0.0416402	-0.0251374	0.0885097	-0.0229007	-0.000964324	0.0625524	-0.0358341	-0.0240379	0.101723	-0.0142957	-0.0506098	-0.0682062	0.265897	-0.027826	-0.145331	-0.0216377	0.210183	-0.104393	0.0518573	-0.0782897	-0.0314438	0.00536661	0.0709813	0.0747041	-0.0332568	0.076564	0.0386386	-0.073439	-0.0273724	-0.0325985	-0.155937	0.23759	-0.0719524	0.129475	-0.0747736	-0.106183	-0.0188723	-0.0331026	0.00439589	-0.113094	0.10897	0.0546629	-0.0502142	0.0384282	-0.0848858	-0.0955961	
-0.0121668	0.0162897	0.0726531	-0.155518	0.0381386	-0.0555378	-0.0501858	-0.102159	0.050428	-0.15589	-0.031154	-0.0138564	0.0388957	0.130256	-0.0523791	0.0155426	-0.0447649	0.00120584	-0.0584095	0.0374676	-0.241938	-0.0159535	0.115423	-0.131536	-0.0390667	0.0997017	0.097048	0.0207419	-0.0934125	0.104145	-0.0694273	0.0242905	-0.0322317	-0.0363292	0.0817319	0.0140625	0.167692	0.116377	0.0023588	0.238773	0.119131	-0.0808059	-0.0213546	0.0309404	0.0298541	0.0211726	-0.0218402	-0.139926	0.0161519	-0.0917916	0.175099	0.0582178	0.0707413	-0.186475	0.0420489	-0.0255601	0.088913	-0.0224954	-0.00219936	0.0621502	-0.0354197	-0.0244431	0.10132	-0.0138883	-0.0518341	-0.068617	0.267129	-0.0266058	-0.14574	-0.0204135	0.210589	-0.103998	0.0530831	-0.077875	-0.0318529	0.004146	0.069754	0.0751129	-0.0328596	0.0753501	0.0382192	-0.0730286	-0.0285986	-0.0330028	-0.15553	0.238001	-0.0723672	0.129888	-0.0743701	-0.105778	-0.0176537	-0.0326971	0.00316478	-0.11432	0.109377	0.0534362	-0.0498067	0.0380238	-0.0844768	-0.0943762	
-0.0121668	0.0162897	0.0726531	-0.155518	0.0381386	-0.0555378	-0.0501858	-0.102159	0.050428	-0.15589	-0.031154	-0.0138564	0.0388957	0.130256	-0.0523791	0.0155426	-0.0447649	0.00120584	-0.0584095	0.0374676	-0.241938	-0.0159535	0.115423	-0.131536	-0.0390667	0.0997017	0.097048	0.0207419	-0.0934125	0.104145	-0.0694273	0.0242905	-0.0322317	-0.0363292	0.0817319	0.0140625	0.167692	0.116377	0.0023588	0.238773	0.119131	-0.0808059	-0.0213546	0.0309404	0.0298541	0.0211726	-0.0218402	-0.139926	0.0161519	-0.0917916	0.175099	0.0582178	0.0707413	-0.186475	0.0420489	-0.0255601	0.088913	-0.0224954	-0.00219936	0.0621502	-0.0354197	-0.0244431	0.10132	-0.0138883	-0.0518341	-0.068617	0.267129	-0.0266058	-0.14574	-0.0204135	0.210589	-0.103998	0.0530831	-0.077875	-0.0318529	0.004146	0.069754	0.0751129	-0.0328596	0.0753501	0.0382192	-0.0730286	-0.0285986	-0.0330028	-0.15553	0.238001	-0.0723672	0.129888	-0.0743701	-0.105778	-0.0176537	-0.0326971	0.00316478	-0.11432	0.109377	0.0534362	-0.0498067	0.0380238	-0.0844768	-0.0943762	
-0.0121668	0.0162897	0.0726531	-0.155518	0.0381386	-0.0555378	-0.0501858	-0.102159	0.050428	-0.15589	-0.031154	-0.0138564	0.0388957	0.130256	-0.0523791	0.0155426	-0.0447649	0.00120584	-0.0584095	0.0374676	-0.241938	-0.0159535	0.115423	-0.131536	-0.0390667	0.0997017	0.097048	0.0207419	-0.0934125	0.104145	-0.0694273	0.0242905	-0.0322317	-0.0363292	0.0817319	0.0140625	0.167692	0.116377	0.0023588	0.238773	0.119131	-0.0808059	-0.0213546	0.0309404	0.0298541	0.0211726	-0.0218402	-0.139926	0.0161519	-0.0917916	0.175099	0.0582178	0.0707413	-0.186475	0.0420489	-0.0255601	0.088913	-0.0224954	-0.00219936	0.0621502	-0.0354197	-0.0244431	0.10132	-0.0138883	-0.0518341	-0.068617	0.267129	-0.0266058	-0.14574	-0.0204135	0.210589	-0.103998	0.0530831	-0.077875	-0.0318529	0.004146	0.069754	0.0751129	-0.0328596	0.0753501	0.0382192	-0.0730286	-0.0285986	-0.0330028	-0.15553	0.238001	-0.0723672	0.129888	-0.0743701	-0.105778	-0.0176537	-0.0326971	0.00316478	-0.11432	0.109377	0.0534362	-0.0498067	0.0380238	-0.0844768	-0.0943762	
-0.0121568	0.0162851	0.0726531	-0.155519	0.038975	-0.0563575	-0.0501835	-0.102171	0.049634	-0.156702	-0.031986	-0.0130374	0.0380928	0.130261	-0.0532103	0.0155466	-0.0447449	0.00120351	-0.0575982	0.0382728	-0.241958	-0.0167741	0.116222	-0.130731	-0.0382333	0.100529	0.0978473	0.0199158	-0.0934041	0.103336	-0.069432	0.0242618	-0.0314137	-0.0371459	0.0809261	0.0140322	0.168491	0.115567	0.00234747	0.238773	0.119123	-0.0799882	-0.0221866	0.0309297	0.0306775	0.0211659	-0.0218639	-0.139911	0.0153617	-0.0917853	0.175099	0.0582431	0.070755	-0.186464	0.0420499	-0.0247708	0.0880865	-0.022501	-0.00221903	0.0621622	-0.0345908	-0.0236208	0.100513	-0.0147059	-0.0518337	-0.0694387	0.267143	-0.0266148	-0.144927	-0.0204142	0.210586	-0.103207	0.0539021	-0.0786785	-0.0326712	0.0033376	0.0689319	0.0751142	-0.0328823	0.0745565	0.0390141	-0.0738406	-0.0286019	-0.0329952	-0.155532	0.238821	-0.0723802	0.12908	-0.0743794	-0.104969	-0.017666	-0.0318861	0.00396863	-0.114324	0.109376	0.0534319	-0.0506244	0.0380315	-0.0852915	-0.0943859	
-0.01256	0.0158746	0.0730612	-0.155112	0.0393933	-0.0567673	-0.0505905	-0.102585	0.0492371	-0.157109	-0.0315853	-0.0126279	0.0376914	0.130672	-0.053626	0.0151404	-0.0443265	0.00161051	-0.0571925	0.0386753	-0.242376	-0.0163681	0.115805	-0.131144	-0.0378167	0.100943	0.098247	0.0195028	-0.0929918	0.103748	-0.0690262	0.0238388	-0.0310047	-0.0375542	0.0813397	0.0144257	0.168891	0.115161	0.00193357	0.239181	0.119527	-0.0795794	-0.0226026	0.0305162	0.0310892	0.0207544	-0.0214673	-0.140311	0.0157838	-0.0913739	0.174691	0.0578473	0.0711701	-0.18605	0.0416422	-0.0243762	0.0876733	-0.0220957	-0.00263726	0.0625764	-0.0349929	-0.024026	0.100926	-0.0142984	-0.0514254	-0.0690332	0.267559	-0.0262111	-0.14452	-0.0200063	0.210176	-0.103629	0.0543116	-0.0782637	-0.0322641	0.0037498	0.0693373	0.0747067	-0.0324852	0.0741597	0.0385946	-0.0742467	-0.0290117	-0.0333995	-0.155125	0.238415	-0.0719784	0.128677	-0.0747923	-0.104564	-0.0180804	-0.0314806	0.00437056	-0.114735	0.109784	0.0538379	-0.0502169	0.0384435	-0.0848825	-0.0939825	
-0.0121768	0.0146617	0.0718367	-0.15715	0.0397525	-0.0563508	-0.0526372	-0.102963	0.048771	-0.15916	-0.0303221	-0.0122264	0.0364324	0.131066	-0.0523644	0.0139059	-0.0472353	-0.000424493	-0.0543227	0.0366625	-0.241918	-0.0192145	0.114624	-0.129076	-0.03745	0.101323	0.0986987	0.0199352	-0.0926044	0.102505	-0.0686063	0.0243192	-0.0306007	-0.0355125	0.0817212	0.012458	0.169343	0.115555	0.000737168	0.238773	0.120772	-0.0791746	-0.0246058	0.0301346	0.0322963	0.0211793	-0.0193655	-0.141575	0.0136733	-0.0917979	0.175916	0.0565582	0.0715442	-0.18812	0.0420479	-0.0230802	0.0848407	-0.020857	-0.00381329	0.0621382	-0.0346155	-0.0236328	0.10131	-0.0147032	-0.0510181	-0.069428	0.266299	-0.024964	-0.142472	-0.0187802	0.211409	-0.101519	0.0563458	-0.0770714	-0.0310346	0.0033216	0.0689433	0.0759279	-0.031203	0.0720588	0.0357904	-0.0746657	-0.0318606	-0.0346433	-0.154711	0.238813	-0.0723542	0.129062	-0.0751772	-0.104955	-0.0192744	-0.0326918	0.00317744	-0.115133	0.109379	0.0534406	-0.0498054	0.0388326	-0.0869275	-0.0935501	
-0.0121868	0.0146664	0.0726531	-0.157149	0.038916	-0.0571638	-0.0526395	-0.103768	0.0479311	-0.15998	-0.0303067	-0.0114127	0.0364187	0.130244	-0.0523497	0.0130855	-0.0472553	0.000394172	-0.0535014	0.0358573	-0.242714	-0.0192102	0.113825	-0.129882	-0.0374667	0.101312	0.0995327	0.0191284	-0.0926127	0.102498	-0.0677853	0.0243479	-0.0306024	-0.0346959	0.0817106	0.0116709	0.170178	0.11555	0.00156498	0.237957	0.12078	-0.0783596	-0.0245904	0.0293288	0.0322893	0.0203695	-0.0193419	-0.141591	0.012829	-0.0918043	0.175916	0.0565329	0.070714	-0.188132	0.0420469	-0.0222349	0.0848507	-0.020035	-0.00461042	0.0621262	-0.0346278	-0.0236388	0.102116	-0.0147019	-0.0518347	-0.0686063	0.267101	-0.0241385	-0.142469	-0.0195958	0.211412	-0.101493	0.0563431	-0.0770844	-0.0310326	0.0033136	0.0689489	0.0751102	-0.0311804	0.0712185	0.0349955	-0.07467	-0.0318573	-0.0354673	-0.154709	0.237992	-0.0715247	0.129052	-0.0759843	-0.104948	-0.0200785	-0.0318701	0.00319011	-0.115945	0.10938	0.0542613	-0.0489877	0.0388249	-0.0869291	-0.0935405	
-0.0113803	0.014671	0.0726531	-0.158781	0.0380796	-0.0571605	-0.0542745	-0.105389	0.0470911	-0.1608	-0.031108	-0.00978269	0.036405	0.131871	-0.0515185	0.0122652	-0.0464585	0.00202917	-0.05268	0.0358686	-0.241878	-0.0200222	0.114659	-0.129871	-0.0374833	0.102117	0.0995501	0.0199545	-0.0934375	0.103308	-0.0677806	0.0235592	-0.030604	-0.0330629	0.0816999	0.0100664	0.170195	0.117177	-5.6654e-05	0.237141	0.119155	-0.0775446	-0.0253917	0.0293394	0.033915	0.0195598	-0.0185012	-0.141606	0.0111676	-0.0918106	0.175917	0.0565075	0.0707003	-0.18896	0.0428622	-0.0222069	0.0856772	-0.0200293	-0.00540755	0.0629307	-0.0346401	-0.0244611	0.102106	-0.0147006	-0.0510188	-0.0694174	0.266271	-0.0241295	-0.14165	-0.0195952	0.212232	-0.100649	0.0563405	-0.0770974	-0.0310306	0.00412201	0.0673219	0.0767416	-0.0319747	0.0711951	0.0342006	-0.0730416	-0.0326703	-0.0362914	-0.15389	0.237171	-0.0706951	0.129043	-0.0743421	-0.104941	-0.0208827	-0.0334975	0.00238625	-0.115125	0.108565	0.0542656	-0.0498027	0.0388172	-0.0877471	-0.0935308	
-0.0117835	0.0158932	0.0722449	-0.158373	0.037681	-0.0583866	-0.0546815	-0.105803	0.048328	-0.159574	-0.0307074	-0.0110059	0.0360036	0.13065	-0.0511175	0.011859	-0.0460401	0.00161984	-0.051458	0.0354547	-0.243113	-0.0204326	0.115059	-0.130285	-0.0370667	0.101715	0.0999497	0.0211743	-0.0938415	0.10372	-0.0665584	0.0239535	-0.030195	-0.0334712	0.081297	0.0104599	0.168962	0.116771	-0.000470561	0.238366	0.118743	-0.0771357	-0.0241745	0.0289259	0.0343267	0.0191483	-0.0189215	-0.14119	0.0107725	-0.0905829	0.176325	0.0561116	0.0711155	-0.189362	0.0432709	-0.0226295	0.0852639	-0.0204403	-0.00500899	0.0617119	-0.0342257	-0.0240499	0.102519	-0.0134768	-0.0506104	-0.0690119	0.265869	-0.0245423	-0.142059	-0.018371	0.212638	-0.0994363	0.05675	-0.0758661	-0.0322561	0.00453421	0.0685436	0.0771504	-0.0323945	0.0699813	0.034598	-0.0734476	-0.0322638	-0.0366958	-0.1543	0.236765	-0.0719264	0.129456	-0.0739385	-0.105352	-0.0212972	-0.033092	0.00197165	-0.115535	0.108973	0.0538552	-0.0493952	0.0392293	-0.0881545	-0.0939439	
-0.0126	0.0142605	0.0714286	-0.160006	0.037681	-0.059203	-0.0563142	-0.10662	0.0475111	-0.161206	-0.0307074	-0.0101895	0.0360036	0.13065	-0.0511175	0.0102263	-0.0452233	0.000803505	-0.051458	0.0362712	-0.242296	-0.0204326	0.113425	-0.129468	-0.0370667	0.100898	0.100766	0.0195414	-0.0946579	0.10372	-0.0657421	0.0223189	-0.0293787	-0.0318386	0.0829299	0.008825	0.168962	0.118404	-0.00210353	0.237549	0.117927	-0.0763194	-0.0241745	0.0281094	0.0343267	0.0191483	-0.0189215	-0.14119	0.0115897	-0.0905829	0.176325	0.0552945	0.071932	-0.189362	0.0416382	-0.0209949	0.0852639	-0.0204403	-0.00582579	0.0625285	-0.0350422	-0.0248663	0.104152	-0.0134768	-0.0506104	-0.0673791	0.265869	-0.0245423	-0.142059	-0.018371	0.211822	-0.100253	0.0575663	-0.0774992	-0.0314398	0.00453421	0.0677272	0.0779667	-0.0332114	0.0699813	0.034598	-0.0734476	-0.0322638	-0.0366958	-0.1543	0.237582	-0.0719264	0.12864	-0.0731221	-0.105352	-0.0221137	-0.0339083	0.00115513	-0.115535	0.10734	0.0538552	-0.0510279	0.0375965	-0.0873381	-0.0947603	
-0.0138296	0.0138547	0.0710204	-0.16123	0.0380796	-0.0604258	-0.0559072	-0.107022	0.0479081	-0.161617	-0.0302914	-0.010599	0.036405	0.129422	-0.0507019	0.00981615	-0.0456417	0.00121284	-0.050231	0.0350521	-0.243511	-0.0208386	0.113026	-0.130688	-0.0366667	0.100484	0.100367	0.0183216	-0.0934375	0.103308	-0.0645152	0.0219246	-0.0297877	-0.0322466	0.0833328	0.007614	0.167745	0.11881	-0.00332259	0.238774	0.118339	-0.0750956	-0.0237585	0.0277065	0.0347314	0.0195598	-0.0201352	-0.139973	0.0111676	-0.0909942	0.175917	0.0540562	0.0707003	-0.18896	0.0428622	-0.0205723	0.0856772	-0.0200293	-0.00704115	0.0629307	-0.0362732	-0.0236448	0.102923	-0.0130679	-0.0493861	-0.0661519	0.265454	-0.0241295	-0.142466	-0.0179625	0.212232	-0.0998316	0.0579731	-0.077914	-0.0326633	0.00493842	0.0689546	0.0783742	-0.0336086	0.0703782	0.0350175	-0.0730416	-0.0326703	-0.0379242	-0.153074	0.237988	-0.0715117	0.128227	-0.0735256	-0.105757	-0.0216992	-0.0334975	0.00156972	-0.116757	0.107749	0.0542656	-0.0498027	0.0371845	-0.0869308	-0.0951637	
-0.0142429	0.0134488	0.0706122	-0.161637	0.0376613	-0.0608323	-0.0563165	-0.106608	0.0474881	-0.162027	-0.030692	-0.0101922	0.0368065	0.129011	-0.0502863	0.00940597	-0.0460601	0.00162217	-0.0498203	0.0346496	-0.243093	-0.0204282	0.112626	-0.131091	-0.0370833	0.100887	0.100784	0.0187347	-0.0938498	0.103713	-0.0641047	0.0215302	-0.0301967	-0.0326546	0.0837357	0.00722046	0.167346	0.119215	-0.00372517	0.238366	0.117935	-0.0746881	-0.0233425	0.0281201	0.0343197	0.0199713	-0.0205319	-0.139573	0.0107454	-0.0905892	0.175509	0.0544521	0.0702852	-0.189374	0.0432699	-0.0209669	0.0860904	-0.0196183	-0.00743972	0.063333	-0.0358711	-0.0240559	0.103326	-0.0134754	-0.0489781	-0.0657411	0.265855	-0.0245333	-0.142873	-0.0183704	0.212642	-0.0994096	0.0575636	-0.0775122	-0.0322541	0.00534262	0.0685492	0.0787817	-0.0331887	0.069958	0.03462	-0.073452	-0.0330768	-0.0375198	-0.153481	0.237577	-0.0710969	0.127814	-0.0739292	-0.105345	-0.0221013	-0.0330866	0.00198432	-0.117164	0.108158	0.0546759	-0.0493939	0.0375888	-0.0873398	-0.0947506	
